deepela_large_r1_correlation_0.1_seed10_t900_onlinemis.out, [ ... ], 500
deepela_large_r1_correlation_0.1_seed20_t900_onlinemis.out, [ ... ], 500
deepela_large_r1_correlation_0.1_seed30_t900_onlinemis.out, [ ... ], 500
deepela_large_r1_correlation_0.1_seed40_t900_onlinemis.out, [ ... ], 500
deepela_large_r1_correlation_0.1_seed50_t900_onlinemis.out, [ ... ], 500
deepela_large_r1_correlation_0.2_seed10_t900_onlinemis.out, [ ... ], 1653
deepela_large_r1_correlation_0.2_seed20_t900_onlinemis.out, [ ... ], 1653
deepela_large_r1_correlation_0.2_seed30_t900_onlinemis.out, [ ... ], 1653
deepela_large_r1_correlation_0.2_seed40_t900_onlinemis.out, [ ... ], 1653
deepela_large_r1_correlation_0.2_seed50_t900_onlinemis.out, [ ... ], 1653
deepela_large_r1_correlation_0.2_seed50_t900_redumis.out, [ ... ], 1653
deepela_large_r1_correlation_0.5_seed10_t900_onlinemis.out, [ ... ], 5353
deepela_large_r1_correlation_0.5_seed1_t900_redumis.out, [ ... ], 5353
deepela_large_r1_correlation_0.5_seed20_t900_onlinemis.out, [ ... ], 5353
deepela_large_r1_correlation_0.5_seed20_t900_redumis.out, [ ... ], 5353
deepela_large_r1_correlation_0.5_seed30_t900_onlinemis.out, [ ... ], 5353
deepela_large_r1_correlation_0.5_seed30_t900_redumis.out, [ ... ], 5353
deepela_large_r1_correlation_0.5_seed40_t900_onlinemis.out, [ ... ], 5353
deepela_large_r1_correlation_0.5_seed40_t900_redumis.out, [ ... ], 5353
deepela_large_r1_correlation_0.5_seed50_t900_onlinemis.out, [ ... ], 5353
deepela_large_r1_correlation_0.5_seed50_t900_redumis.out, [ ... ], 5353
deepela_large_r1_correlation_1.0_seed10_t900_onlinemis.out, [ ... ], 8280
deepela_large_r1_correlation_1.0_seed1_t900_redumis.out, [ ... ], 8280
deepela_large_r1_correlation_1.0_seed20_t900_onlinemis.out, [ ... ], 8280
deepela_large_r1_correlation_1.0_seed20_t900_redumis.out, [ ... ], 8280
deepela_large_r1_correlation_1.0_seed30_t900_onlinemis.out, [ ... ], 8280
deepela_large_r1_correlation_1.0_seed30_t900_redumis.out, [ ... ], 8280
deepela_large_r1_correlation_1.0_seed40_t900_onlinemis.out, [ ... ], 8280
deepela_large_r1_correlation_1.0_seed40_t900_redumis.out, [ ... ], 8280
deepela_large_r1_correlation_1.0_seed50_t900_onlinemis.out, [ ... ], 8280
deepela_large_r1_correlation_1.0_seed50_t900_redumis.out, [ ... ], 8280
deepela_large_r1_correlation_2.0_seed10_t900_onlinemis.out, [ ... ], 8280
deepela_large_r1_correlation_2.0_seed1_t900_redumis.out, [ ... ], 8280
deepela_large_r1_correlation_2.0_seed20_t900_onlinemis.out, [ ... ], 8280
deepela_large_r1_correlation_2.0_seed20_t900_redumis.out, [ ... ], 8280
deepela_large_r1_correlation_2.0_seed30_t900_onlinemis.out, [ ... ], 8280
deepela_large_r1_correlation_2.0_seed30_t900_redumis.out, [ ... ], 8280
deepela_large_r1_correlation_2.0_seed40_t900_onlinemis.out, [ ... ], 8280
deepela_large_r1_correlation_2.0_seed40_t900_redumis.out, [ ... ], 8280
deepela_large_r1_correlation_2.0_seed50_t900_onlinemis.out, [ ... ], 8280
deepela_large_r1_correlation_2.0_seed50_t900_redumis.out, [ ... ], 8280
deepela_large_r1_cosine_0.1_seed10_t900_onlinemis.out, [ ... ], 485
deepela_large_r1_cosine_0.1_seed1_t900_redumis.out, [ ... ], 485
deepela_large_r1_cosine_0.1_seed20_t900_onlinemis.out, [ ... ], 484
deepela_large_r1_cosine_0.1_seed30_t900_onlinemis.out, [ ... ], 485
deepela_large_r1_cosine_0.1_seed40_t900_onlinemis.out, [ ... ], 485
deepela_large_r1_cosine_0.1_seed50_t900_onlinemis.out, [ ... ], 485
deepela_large_r1_cosine_0.2_seed10_t900_onlinemis.out, [ ... ], 1621
deepela_large_r1_cosine_0.2_seed20_t900_onlinemis.out, [ ... ], 1621
deepela_large_r1_cosine_0.2_seed30_t900_onlinemis.out, [ ... ], 1621
deepela_large_r1_cosine_0.2_seed40_t900_onlinemis.out, [ ... ], 1621
deepela_large_r1_cosine_0.2_seed50_t900_onlinemis.out, [ ... ], 1621
deepela_large_r1_cosine_0.5_seed10_t900_onlinemis.out, [ ... ], 5319
deepela_large_r1_cosine_0.5_seed1_t900_redumis.out, [ ... ], 5319
deepela_large_r1_cosine_0.5_seed20_t900_onlinemis.out, [ ... ], 5319
deepela_large_r1_cosine_0.5_seed20_t900_redumis.out, [ ... ], 5319
deepela_large_r1_cosine_0.5_seed30_t900_onlinemis.out, [ ... ], 5319
deepela_large_r1_cosine_0.5_seed30_t900_redumis.out, [ ... ], 5319
deepela_large_r1_cosine_0.5_seed40_t900_onlinemis.out, [ ... ], 5319
deepela_large_r1_cosine_0.5_seed40_t900_redumis.out, [ ... ], 5319
deepela_large_r1_cosine_0.5_seed50_t900_onlinemis.out, [ ... ], 5319
deepela_large_r1_cosine_0.5_seed50_t900_redumis.out, [ ... ], 5319
deepela_large_r1_cosine_1.0_seed10_t900_onlinemis.out, [ ... ], 8280
deepela_large_r1_cosine_1.0_seed1_t900_redumis.out, [ ... ], 8280
deepela_large_r1_cosine_1.0_seed20_t900_onlinemis.out, [ ... ], 8280
deepela_large_r1_cosine_1.0_seed20_t900_redumis.out, [ ... ], 8280
deepela_large_r1_cosine_1.0_seed30_t900_onlinemis.out, [ ... ], 8280
deepela_large_r1_cosine_1.0_seed30_t900_redumis.out, [ ... ], 8280
deepela_large_r1_cosine_1.0_seed40_t900_onlinemis.out, [ ... ], 8280
deepela_large_r1_cosine_1.0_seed40_t900_redumis.out, [ ... ], 8280
deepela_large_r1_cosine_1.0_seed50_t900_onlinemis.out, [ ... ], 8280
deepela_large_r1_cosine_1.0_seed50_t900_redumis.out, [ ... ], 8280
deepela_large_r1_cosine_2.0_seed10_t900_onlinemis.out, [ ... ], 8280
deepela_large_r1_cosine_2.0_seed1_t900_redumis.out, [ ... ], 8280
deepela_large_r1_cosine_2.0_seed20_t900_onlinemis.out, [ ... ], 8280
deepela_large_r1_cosine_2.0_seed20_t900_redumis.out, [ ... ], 8280
deepela_large_r1_cosine_2.0_seed30_t900_onlinemis.out, [ ... ], 8280
deepela_large_r1_cosine_2.0_seed30_t900_redumis.out, [ ... ], 8280
deepela_large_r1_cosine_2.0_seed40_t900_onlinemis.out, [ ... ], 8280
deepela_large_r1_cosine_2.0_seed40_t900_redumis.out, [ ... ], 8280
deepela_large_r1_cosine_2.0_seed50_t900_onlinemis.out, [ ... ], 8280
deepela_large_r1_cosine_2.0_seed50_t900_redumis.out, [ ... ], 8280
deepela_large_r1_seuclidean_0.1_seed10_t900_onlinemis.out, [4403], 1
deepela_large_r1_seuclidean_0.1_seed1_t900_redumis.out, [8279], 1
deepela_large_r1_seuclidean_0.1_seed20_t900_onlinemis.out, [6178], 1
deepela_large_r1_seuclidean_0.1_seed20_t900_redumis.out, [8279], 1
deepela_large_r1_seuclidean_0.1_seed30_t900_onlinemis.out, [7379], 1
deepela_large_r1_seuclidean_0.1_seed30_t900_redumis.out, [8279], 1
deepela_large_r1_seuclidean_0.1_seed40_t900_onlinemis.out, [7110], 1
deepela_large_r1_seuclidean_0.1_seed40_t900_redumis.out, [8279], 1
deepela_large_r1_seuclidean_0.1_seed50_t900_onlinemis.out, [3828], 1
deepela_large_r1_seuclidean_0.1_seed50_t900_redumis.out, [8279], 1
deepela_large_r1_seuclidean_0.2_seed10_t900_onlinemis.out, [781], 1
deepela_large_r1_seuclidean_0.2_seed1_t900_redumis.out, [8279], 1
deepela_large_r1_seuclidean_0.2_seed20_t900_onlinemis.out, [167], 1
deepela_large_r1_seuclidean_0.2_seed20_t900_redumis.out, [8279], 1
deepela_large_r1_seuclidean_0.2_seed30_t900_onlinemis.out, [3849], 1
deepela_large_r1_seuclidean_0.2_seed30_t900_redumis.out, [8279], 1
deepela_large_r1_seuclidean_0.2_seed40_t900_onlinemis.out, [2181], 1
deepela_large_r1_seuclidean_0.2_seed40_t900_redumis.out, [8279], 1
deepela_large_r1_seuclidean_0.2_seed50_t900_onlinemis.out, [3601], 1
deepela_large_r1_seuclidean_0.2_seed50_t900_redumis.out, [8279], 1
deepela_large_r1_seuclidean_0.5_seed10_t900_onlinemis.out, [2591, 2606], 2
deepela_large_r1_seuclidean_0.5_seed1_t900_redumis.out, [6959, 7064], 2
deepela_large_r1_seuclidean_0.5_seed20_t900_onlinemis.out, [863, 878], 2
deepela_large_r1_seuclidean_0.5_seed20_t900_redumis.out, [6959, 7064], 2
deepela_large_r1_seuclidean_0.5_seed30_t900_onlinemis.out, [1520, 1685], 2
deepela_large_r1_seuclidean_0.5_seed30_t900_redumis.out, [6959, 7064], 2
deepela_large_r1_seuclidean_0.5_seed40_t900_onlinemis.out, [1823, 1928], 2
deepela_large_r1_seuclidean_0.5_seed40_t900_redumis.out, [6959, 7064], 2
deepela_large_r1_seuclidean_0.5_seed50_t900_onlinemis.out, [1472, 1697], 2
deepela_large_r1_seuclidean_0.5_seed50_t900_redumis.out, [6959, 7064], 2
deepela_large_r1_seuclidean_1.0_seed10_t900_onlinemis.out, [1445, 1520, 1550, 1565, 1655, 1685], 6
deepela_large_r1_seuclidean_1.0_seed1_t900_redumis.out, [1445, 1520, 1550, 1565, 1655, 1685], 6
deepela_large_r1_seuclidean_1.0_seed20_t900_onlinemis.out, [1445, 1520, 1550, 1565, 1655, 1670], 6
deepela_large_r1_seuclidean_1.0_seed20_t900_redumis.out, [1445, 1520, 1550, 1565, 1655, 1685], 6
deepela_large_r1_seuclidean_1.0_seed30_t900_onlinemis.out, [731, 761, 836, 866, 896, 971], 6
deepela_large_r1_seuclidean_1.0_seed30_t900_redumis.out, [1445, 1520, 1550, 1565, 1655, 1685], 6
deepela_large_r1_seuclidean_1.0_seed40_t900_onlinemis.out, [1445, 1520, 1550, 1565, 1655, 1685], 6
deepela_large_r1_seuclidean_1.0_seed40_t900_redumis.out, [1445, 1520, 1550, 1565, 1655, 1685], 6
deepela_large_r1_seuclidean_1.0_seed50_t900_onlinemis.out, [731, 836, 866, 896, 971, 1001], 6
deepela_large_r1_seuclidean_1.0_seed50_t900_redumis.out, [1445, 1520, 1550, 1565, 1655, 1685], 6
deepela_large_r1_seuclidean_2.0_seed10_t900_onlinemis.out, [1445, 1454, 1460, 1472, 1487, 1517, 1544, 1559, 1577, 1604, 1616, 1621, 1622, 1649, 1655, 1664, 1670, 1682, 1694, 1697, 2764, 2806, 5934], 23
deepela_large_r1_seuclidean_2.0_seed1_t900_redumis.out, [1445, 1454, 1460, 1472, 1487, 1517, 1544, 1559, 1577, 1604, 1616, 1621, 1622, 1649, 1655, 1664, 1670, 1682, 1694, 1697, 2764, 2806, 5934], 23
deepela_large_r1_seuclidean_2.0_seed20_t900_onlinemis.out, [1445, 1454, 1460, 1472, 1487, 1517, 1544, 1559, 1577, 1604, 1616, 1621, 1622, 1649, 1655, 1664, 1670, 1682, 1694, 1697, 2764, 2806, 5934], 23
deepela_large_r1_seuclidean_2.0_seed30_t900_onlinemis.out, [1445, 1454, 1460, 1472, 1487, 1517, 1544, 1559, 1577, 1604, 1616, 1621, 1622, 1649, 1655, 1664, 1670, 1682, 1694, 1697, 2764, 2806, 5934], 23
deepela_large_r1_seuclidean_2.0_seed30_t900_redumis.out, [1445, 1454, 1460, 1472, 1487, 1517, 1544, 1559, 1577, 1604, 1616, 1621, 1622, 1649, 1655, 1664, 1670, 1682, 1694, 1697, 2764, 2806, 5934], 23
deepela_large_r1_seuclidean_2.0_seed40_t900_onlinemis.out, [1445, 1454, 1460, 1472, 1487, 1517, 1544, 1559, 1577, 1604, 1616, 1621, 1622, 1649, 1655, 1664, 1670, 1682, 1694, 1697, 2764, 2806, 5934], 23
deepela_large_r1_seuclidean_2.0_seed40_t900_redumis.out, [1445, 1454, 1460, 1472, 1487, 1517, 1544, 1559, 1577, 1604, 1616, 1621, 1622, 1649, 1655, 1664, 1670, 1682, 1694, 1697, 2764, 2806, 5934], 23
deepela_large_r1_seuclidean_2.0_seed50_t900_onlinemis.out, [1445, 1454, 1460, 1472, 1487, 1517, 1544, 1559, 1577, 1604, 1616, 1621, 1622, 1649, 1655, 1664, 1670, 1682, 1694, 1697, 2764, 2806, 5934], 23
deepela_large_r1_seuclidean_2.0_seed50_t900_redumis.out, [1445, 1454, 1460, 1472, 1487, 1517, 1544, 1559, 1577, 1604, 1616, 1621, 1622, 1649, 1655, 1664, 1670, 1682, 1694, 1697, 2764, 2806, 5934], 23
doe2vec_correlation_0.1_seed10_t900_onlinemis.out, [225, 228, 234, 237, 1269, 1270, 1596, 1611, 1612, 1614, 1956, 2298, 2299, 2643, 2646, 2649, 2652, 2988, 2991, 2994, 2997, 3681, 3682, 3684, 4019, 4020, 4021, 4022, 4026, 4027, 4029, 4030, 4032, 4033, 4034, 4353, 4354, 4368, 4713, 4714, 4719, 5061, 5062, 5064, 5409, 5522, 5525, 5528, 5537, 5540, 5557, 5558, 5566, 5567, 5569, 5570, 5572, 5573, 5582, 5585, 5587, 5588, 5597, 5599, 5600, 5602, 5603, 5610, 5611, 5612, 5614, 5615, 5617, 5618, 5626, 5627, 5630, 5633, 5641, 5642, 5645, 5648, 5657, 5660, 5663, 5671, 5672, 5674, 5675, 5678, 5685, 5686, 5687, 5688, 5689, 5690, 5692, 5693, 5700, 5701, 5702, 5704, 5705, 5707, 5708, 5715, 5716, 5717, 5719, 5720, 5721, 5722, 5723, 5731, 5732, 5734, 5735, 5737, 5738, 5747, 5750, 5751, 5752, 5753, 5761, 5762, 5764, 5765, 5767, 5768, 5777, 5780, 5783, 5792, 5795, 5798, 5806, 5807, 5810, 5812, 5813, 5822, 5825, 5827, 5828, 5837, 5840, 5843, 5852, 5854, 5855, 5858, 7149, 7150, 7485, 7494, 7497, 7498, 7833], 159
doe2vec_correlation_0.1_seed1_t900_redumis.out, [225, 228, 234, 237, 1269, 1270, 1596, 1611, 1612, 1614, 1956, 2298, 2299, 2643, 2646, 2649, 2652, 2988, 2991, 2994, 2997, 3681, 3682, 3684, 4019, 4020, 4021, 4022, 4026, 4027, 4029, 4030, 4032, 4033, 4034, 4353, 4354, 4368, 4713, 4714, 4719, 5061, 5062, 5064, 5409, 5522, 5525, 5528, 5537, 5540, 5557, 5558, 5566, 5567, 5569, 5570, 5572, 5573, 5582, 5585, 5587, 5588, 5597, 5599, 5600, 5602, 5603, 5610, 5611, 5612, 5614, 5615, 5617, 5618, 5626, 5627, 5630, 5633, 5641, 5642, 5645, 5648, 5657, 5660, 5663, 5671, 5672, 5674, 5675, 5677, 5678, 5686, 5687, 5688, 5689, 5690, 5692, 5693, 5700, 5701, 5702, 5704, 5705, 5707, 5708, 5715, 5716, 5717, 5719, 5720, 5721, 5722, 5723, 5731, 5732, 5734, 5735, 5737, 5738, 5747, 5750, 5751, 5752, 5753, 5761, 5762, 5764, 5765, 5767, 5768, 5777, 5780, 5783, 5792, 5795, 5798, 5806, 5807, 5810, 5812, 5813, 5822, 5825, 5827, 5828, 5837, 5840, 5843, 5852, 5854, 5855, 5858, 7149, 7150, 7485, 7494, 7497, 7498, 7833], 159
doe2vec_correlation_0.1_seed20_t900_onlinemis.out, [225, 228, 234, 237, 1269, 1270, 1611, 1612, 1614, 1956, 2298, 2299, 2643, 2646, 2649, 2652, 2988, 2991, 2994, 2997, 3681, 3682, 3684, 4019, 4020, 4021, 4022, 4026, 4027, 4029, 4030, 4032, 4033, 4034, 4353, 4354, 4368, 4713, 4714, 4719, 5061, 5062, 5064, 5065, 5409, 5522, 5525, 5528, 5537, 5540, 5557, 5558, 5566, 5567, 5569, 5570, 5572, 5573, 5582, 5585, 5587, 5588, 5597, 5599, 5600, 5602, 5603, 5610, 5611, 5612, 5614, 5615, 5617, 5618, 5626, 5627, 5630, 5633, 5641, 5642, 5645, 5648, 5657, 5660, 5663, 5671, 5672, 5674, 5675, 5678, 5685, 5686, 5687, 5688, 5689, 5690, 5692, 5693, 5700, 5701, 5702, 5704, 5705, 5707, 5708, 5715, 5716, 5717, 5719, 5720, 5721, 5722, 5723, 5731, 5732, 5734, 5735, 5737, 5738, 5747, 5750, 5751, 5752, 5753, 5761, 5762, 5764, 5765, 5767, 5768, 5777, 5780, 5783, 5792, 5795, 5798, 5806, 5807, 5810, 5812, 5813, 5822, 5825, 5827, 5828, 5837, 5840, 5843, 5852, 5854, 5855, 5858, 7149, 7150, 7485, 7494, 7497, 7498, 7833], 159
doe2vec_correlation_0.1_seed20_t900_redumis.out, [225, 228, 234, 237, 1269, 1270, 1596, 1611, 1612, 1614, 1956, 2298, 2299, 2643, 2646, 2649, 2652, 2988, 2991, 2994, 2997, 3681, 3682, 3684, 4019, 4020, 4021, 4022, 4026, 4027, 4029, 4030, 4032, 4033, 4034, 4353, 4354, 4368, 4713, 4714, 4719, 5061, 5062, 5064, 5409, 5522, 5525, 5528, 5537, 5540, 5557, 5558, 5566, 5567, 5569, 5570, 5572, 5573, 5582, 5585, 5587, 5588, 5597, 5599, 5600, 5602, 5603, 5610, 5611, 5612, 5614, 5615, 5617, 5618, 5626, 5627, 5630, 5633, 5641, 5642, 5645, 5648, 5657, 5660, 5663, 5671, 5672, 5674, 5675, 5677, 5678, 5686, 5687, 5688, 5689, 5690, 5692, 5693, 5700, 5701, 5702, 5704, 5705, 5707, 5708, 5715, 5716, 5717, 5719, 5720, 5721, 5722, 5723, 5731, 5732, 5734, 5735, 5737, 5738, 5747, 5750, 5751, 5752, 5753, 5761, 5762, 5764, 5765, 5767, 5768, 5777, 5780, 5783, 5792, 5795, 5798, 5806, 5807, 5810, 5812, 5813, 5822, 5825, 5827, 5828, 5837, 5840, 5843, 5852, 5854, 5855, 5858, 7149, 7150, 7485, 7494, 7497, 7498, 7833], 159
doe2vec_correlation_0.1_seed30_t900_onlinemis.out, [225, 228, 234, 237, 1269, 1270, 1611, 1612, 1614, 1956, 2298, 2299, 2643, 2646, 2649, 2652, 2988, 2991, 2994, 2997, 3681, 3682, 3684, 4019, 4020, 4021, 4022, 4026, 4027, 4029, 4030, 4032, 4033, 4034, 4353, 4354, 4368, 4713, 4714, 4719, 5061, 5062, 5064, 5065, 5409, 5410, 5522, 5525, 5528, 5537, 5540, 5557, 5558, 5566, 5567, 5569, 5570, 5572, 5573, 5582, 5585, 5587, 5588, 5597, 5599, 5600, 5603, 5610, 5611, 5612, 5614, 5615, 5617, 5618, 5626, 5627, 5630, 5633, 5641, 5642, 5645, 5648, 5657, 5660, 5663, 5671, 5672, 5674, 5675, 5677, 5678, 5686, 5687, 5688, 5689, 5690, 5692, 5693, 5700, 5701, 5702, 5704, 5705, 5707, 5708, 5715, 5716, 5717, 5719, 5720, 5721, 5722, 5723, 5731, 5732, 5734, 5735, 5737, 5738, 5747, 5750, 5751, 5752, 5753, 5761, 5762, 5764, 5765, 5767, 5768, 5777, 5780, 5783, 5792, 5795, 5798, 5806, 5807, 5810, 5812, 5813, 5822, 5825, 5827, 5828, 5837, 5840, 5843, 5852, 5854, 5855, 5858, 7149, 7150, 7485, 7494, 7497, 7498, 7833], 159
doe2vec_correlation_0.1_seed30_t900_redumis.out, [225, 228, 234, 237, 1269, 1270, 1596, 1611, 1612, 1614, 1956, 2298, 2299, 2643, 2646, 2649, 2652, 2988, 2991, 2994, 2997, 3681, 3682, 3684, 4019, 4020, 4021, 4022, 4026, 4027, 4029, 4030, 4032, 4033, 4034, 4353, 4354, 4368, 4713, 4714, 4719, 5061, 5062, 5064, 5409, 5522, 5525, 5528, 5537, 5540, 5557, 5558, 5566, 5567, 5569, 5570, 5572, 5573, 5582, 5585, 5587, 5588, 5597, 5599, 5600, 5602, 5603, 5610, 5611, 5612, 5614, 5615, 5617, 5618, 5626, 5627, 5630, 5633, 5641, 5642, 5645, 5648, 5657, 5660, 5663, 5671, 5672, 5674, 5675, 5677, 5678, 5686, 5687, 5688, 5689, 5690, 5692, 5693, 5700, 5701, 5702, 5704, 5705, 5707, 5708, 5715, 5716, 5717, 5719, 5720, 5721, 5722, 5723, 5731, 5732, 5734, 5735, 5737, 5738, 5747, 5750, 5751, 5752, 5753, 5761, 5762, 5764, 5765, 5767, 5768, 5777, 5780, 5783, 5792, 5795, 5798, 5806, 5807, 5810, 5812, 5813, 5822, 5825, 5827, 5828, 5837, 5840, 5843, 5852, 5854, 5855, 5858, 7149, 7150, 7485, 7494, 7497, 7498, 7833], 159
doe2vec_correlation_0.1_seed40_t900_onlinemis.out, [225, 228, 234, 237, 1269, 1270, 1611, 1612, 1614, 1956, 2298, 2299, 2643, 2646, 2649, 2652, 2988, 2991, 2994, 2997, 3681, 3682, 3684, 4019, 4020, 4021, 4022, 4026, 4027, 4029, 4030, 4032, 4033, 4034, 4353, 4354, 4368, 4713, 4714, 4719, 5061, 5062, 5064, 5065, 5409, 5410, 5522, 5525, 5528, 5537, 5540, 5557, 5558, 5566, 5567, 5569, 5570, 5572, 5573, 5582, 5585, 5587, 5588, 5597, 5599, 5600, 5603, 5610, 5611, 5612, 5614, 5615, 5617, 5618, 5626, 5627, 5630, 5633, 5641, 5642, 5645, 5648, 5657, 5660, 5663, 5671, 5672, 5674, 5675, 5678, 5685, 5686, 5687, 5688, 5689, 5690, 5692, 5693, 5700, 5701, 5702, 5704, 5705, 5707, 5708, 5715, 5716, 5717, 5719, 5720, 5721, 5722, 5723, 5731, 5732, 5734, 5735, 5737, 5738, 5747, 5750, 5751, 5752, 5753, 5761, 5762, 5764, 5765, 5767, 5768, 5777, 5780, 5783, 5792, 5795, 5798, 5806, 5807, 5810, 5812, 5813, 5822, 5825, 5827, 5828, 5837, 5840, 5843, 5852, 5854, 5855, 5858, 7149, 7150, 7485, 7494, 7497, 7498, 7833], 159
doe2vec_correlation_0.1_seed40_t900_redumis.out, [225, 228, 234, 237, 1269, 1270, 1596, 1611, 1612, 1614, 1956, 2298, 2299, 2643, 2646, 2649, 2652, 2988, 2991, 2994, 2997, 3681, 3682, 3684, 4019, 4020, 4021, 4022, 4026, 4027, 4029, 4030, 4032, 4033, 4034, 4353, 4354, 4368, 4713, 4714, 4719, 5061, 5062, 5064, 5409, 5522, 5525, 5528, 5537, 5540, 5557, 5558, 5566, 5567, 5569, 5570, 5572, 5573, 5582, 5585, 5587, 5588, 5597, 5599, 5600, 5602, 5603, 5610, 5611, 5612, 5614, 5615, 5617, 5618, 5626, 5627, 5630, 5633, 5641, 5642, 5645, 5648, 5657, 5660, 5663, 5671, 5672, 5674, 5675, 5677, 5678, 5686, 5687, 5688, 5689, 5690, 5692, 5693, 5700, 5701, 5702, 5704, 5705, 5707, 5708, 5715, 5716, 5717, 5719, 5720, 5721, 5722, 5723, 5731, 5732, 5734, 5735, 5737, 5738, 5747, 5750, 5751, 5752, 5753, 5761, 5762, 5764, 5765, 5767, 5768, 5777, 5780, 5783, 5792, 5795, 5798, 5806, 5807, 5810, 5812, 5813, 5822, 5825, 5827, 5828, 5837, 5840, 5843, 5852, 5854, 5855, 5858, 7149, 7150, 7485, 7494, 7497, 7498, 7833], 159
doe2vec_correlation_0.1_seed50_t900_onlinemis.out, [225, 228, 234, 237, 1269, 1270, 1611, 1612, 1614, 1956, 2298, 2299, 2643, 2646, 2649, 2652, 2988, 2991, 2994, 2997, 3681, 3682, 3684, 4019, 4020, 4021, 4022, 4026, 4027, 4029, 4030, 4032, 4033, 4034, 4353, 4354, 4368, 4713, 4714, 4719, 5061, 5062, 5064, 5065, 5409, 5410, 5522, 5525, 5528, 5537, 5540, 5557, 5558, 5566, 5567, 5569, 5570, 5572, 5573, 5582, 5585, 5587, 5588, 5597, 5599, 5600, 5603, 5610, 5611, 5612, 5614, 5615, 5617, 5618, 5626, 5627, 5630, 5633, 5641, 5642, 5645, 5648, 5657, 5660, 5663, 5671, 5672, 5674, 5675, 5678, 5685, 5686, 5687, 5688, 5689, 5690, 5692, 5693, 5700, 5701, 5702, 5704, 5705, 5707, 5708, 5715, 5716, 5717, 5719, 5720, 5721, 5722, 5723, 5731, 5732, 5734, 5735, 5737, 5738, 5747, 5750, 5751, 5752, 5753, 5761, 5762, 5764, 5765, 5767, 5768, 5777, 5780, 5783, 5792, 5795, 5798, 5806, 5807, 5810, 5812, 5813, 5822, 5825, 5827, 5828, 5837, 5840, 5843, 5852, 5854, 5855, 5858, 7149, 7150, 7485, 7494, 7497, 7498, 7833], 159
doe2vec_correlation_0.1_seed50_t900_redumis.out, [225, 228, 234, 237, 1269, 1270, 1596, 1611, 1612, 1614, 1956, 2298, 2299, 2643, 2646, 2649, 2652, 2988, 2991, 2994, 2997, 3681, 3682, 3684, 4019, 4020, 4021, 4022, 4026, 4027, 4029, 4030, 4032, 4033, 4034, 4353, 4354, 4368, 4713, 4714, 4719, 5061, 5062, 5064, 5409, 5522, 5525, 5528, 5537, 5540, 5557, 5558, 5566, 5567, 5569, 5570, 5572, 5573, 5582, 5585, 5587, 5588, 5597, 5599, 5600, 5602, 5603, 5610, 5611, 5612, 5614, 5615, 5617, 5618, 5626, 5627, 5630, 5633, 5641, 5642, 5645, 5648, 5657, 5660, 5663, 5671, 5672, 5674, 5675, 5677, 5678, 5686, 5687, 5688, 5689, 5690, 5692, 5693, 5700, 5701, 5702, 5704, 5705, 5707, 5708, 5715, 5716, 5717, 5719, 5720, 5721, 5722, 5723, 5731, 5732, 5734, 5735, 5737, 5738, 5747, 5750, 5751, 5752, 5753, 5761, 5762, 5764, 5765, 5767, 5768, 5777, 5780, 5783, 5792, 5795, 5798, 5806, 5807, 5810, 5812, 5813, 5822, 5825, 5827, 5828, 5837, 5840, 5843, 5852, 5854, 5855, 5858, 7149, 7150, 7485, 7494, 7497, 7498, 7833], 159
doe2vec_correlation_0.2_seed10_t900_onlinemis.out, [ ... ], 274
doe2vec_correlation_0.2_seed1_t900_redumis.out, [ ... ], 274
doe2vec_correlation_0.2_seed20_t900_onlinemis.out, [ ... ], 274
doe2vec_correlation_0.2_seed20_t900_redumis.out, [ ... ], 274
doe2vec_correlation_0.2_seed30_t900_onlinemis.out, [ ... ], 274
doe2vec_correlation_0.2_seed30_t900_redumis.out, [ ... ], 274
doe2vec_correlation_0.2_seed40_t900_onlinemis.out, [ ... ], 274
doe2vec_correlation_0.2_seed50_t900_onlinemis.out, [ ... ], 274
doe2vec_correlation_0.5_seed10_t900_onlinemis.out, [ ... ], 643
doe2vec_correlation_0.5_seed20_t900_onlinemis.out, [ ... ], 643
doe2vec_correlation_0.5_seed30_t900_onlinemis.out, [ ... ], 643
doe2vec_correlation_0.5_seed40_t900_onlinemis.out, [ ... ], 643
doe2vec_correlation_0.5_seed40_t900_redumis.out, [ ... ], 643
doe2vec_correlation_0.5_seed50_t900_onlinemis.out, [ ... ], 643
doe2vec_correlation_0.5_seed50_t900_redumis.out, [ ... ], 643
doe2vec_correlation_1.0_seed10_t900_onlinemis.out, [ ... ], 1908
doe2vec_correlation_1.0_seed1_t900_redumis.out, [ ... ], 1908
doe2vec_correlation_1.0_seed20_t900_onlinemis.out, [ ... ], 1908
doe2vec_correlation_1.0_seed20_t900_redumis.out, [ ... ], 1908
doe2vec_correlation_1.0_seed30_t900_onlinemis.out, [ ... ], 1908
doe2vec_correlation_1.0_seed30_t900_redumis.out, [ ... ], 1908
doe2vec_correlation_1.0_seed40_t900_onlinemis.out, [ ... ], 1908
doe2vec_correlation_1.0_seed40_t900_redumis.out, [ ... ], 1908
doe2vec_correlation_1.0_seed50_t900_onlinemis.out, [ ... ], 1908
doe2vec_correlation_1.0_seed50_t900_redumis.out, [ ... ], 1908
doe2vec_correlation_2.0_seed10_t900_onlinemis.out, [ ... ], 8280
doe2vec_correlation_2.0_seed1_t900_redumis.out, [ ... ], 8280
doe2vec_correlation_2.0_seed20_t900_onlinemis.out, [ ... ], 8280
doe2vec_correlation_2.0_seed20_t900_redumis.out, [ ... ], 8280
doe2vec_correlation_2.0_seed30_t900_onlinemis.out, [ ... ], 8280
doe2vec_correlation_2.0_seed30_t900_redumis.out, [ ... ], 8280
doe2vec_correlation_2.0_seed40_t900_onlinemis.out, [ ... ], 8280
doe2vec_correlation_2.0_seed40_t900_redumis.out, [ ... ], 8280
doe2vec_correlation_2.0_seed50_t900_onlinemis.out, [ ... ], 8280
doe2vec_correlation_2.0_seed50_t900_redumis.out, [ ... ], 8280
doe2vec_cosine_0.1_seed10_t900_onlinemis.out, [225, 228, 234, 237, 1269, 1270, 1596, 1611, 1612, 1614, 1956, 2298, 2299, 2643, 2646, 2649, 2652, 2988, 2991, 2994, 2997, 3681, 3682, 3684, 4019, 4020, 4021, 4022, 4026, 4029, 4030, 4032, 4033, 4034, 4353, 4354, 4368, 4713, 4714, 4719, 5061, 5062, 5064, 5065, 5409, 5410, 5522, 5525, 5528, 5537, 5540, 5557, 5558, 5566, 5567, 5569, 5570, 5572, 5573, 5582, 5585, 5587, 5588, 5597, 5599, 5600, 5603, 5610, 5611, 5612, 5614, 5615, 5617, 5618, 5626, 5627, 5630, 5633, 5641, 5642, 5645, 5648, 5657, 5660, 5663, 5671, 5672, 5674, 5675, 5677, 5678, 5686, 5687, 5688, 5689, 5690, 5692, 5693, 5700, 5701, 5702, 5704, 5705, 5707, 5708, 5715, 5716, 5717, 5719, 5720, 5721, 5722, 5723, 5731, 5732, 5734, 5735, 5737, 5738, 5747, 5750, 5751, 5752, 5753, 5761, 5762, 5764, 5765, 5767, 5768, 5777, 5780, 5783, 5792, 5795, 5798, 5806, 5807, 5810, 5812, 5813, 5822, 5825, 5827, 5828, 5837, 5840, 5843, 5852, 5854, 5855, 5858, 7149, 7150, 7485, 7494, 7497, 7498, 7833], 159
doe2vec_cosine_0.1_seed1_t900_redumis.out, [225, 228, 234, 237, 1269, 1270, 1596, 1611, 1612, 1614, 1956, 2298, 2299, 2643, 2646, 2649, 2652, 2988, 2991, 2994, 2997, 3681, 3682, 3684, 4019, 4020, 4021, 4022, 4026, 4029, 4030, 4032, 4033, 4034, 4353, 4354, 4368, 4713, 4714, 4719, 5061, 5062, 5064, 5065, 5409, 5522, 5525, 5528, 5537, 5557, 5558, 5566, 5567, 5569, 5570, 5572, 5573, 5582, 5585, 5587, 5588, 5597, 5599, 5600, 5602, 5603, 5610, 5611, 5612, 5614, 5615, 5617, 5618, 5626, 5627, 5630, 5633, 5641, 5642, 5645, 5648, 5657, 5660, 5663, 5671, 5672, 5674, 5675, 5677, 5678, 5686, 5687, 5688, 5689, 5690, 5692, 5693, 5700, 5701, 5702, 5704, 5705, 5707, 5708, 5715, 5716, 5717, 5719, 5720, 5721, 5722, 5723, 5731, 5732, 5734, 5735, 5737, 5738, 5747, 5750, 5751, 5752, 5753, 5761, 5762, 5764, 5765, 5767, 5768, 5777, 5780, 5783, 5792, 5795, 5797, 5798, 5806, 5807, 5810, 5812, 5813, 5822, 5825, 5827, 5828, 5837, 5840, 5843, 5852, 5854, 5855, 5858, 7149, 7150, 7485, 7494, 7497, 7498, 7833], 159
doe2vec_cosine_0.1_seed20_t900_onlinemis.out, [225, 228, 234, 237, 1269, 1270, 1596, 1611, 1612, 1614, 1956, 2298, 2299, 2643, 2646, 2649, 2652, 2988, 2991, 2994, 2997, 3681, 3682, 3684, 4019, 4020, 4021, 4022, 4026, 4029, 4030, 4032, 4033, 4034, 4353, 4354, 4368, 4713, 4714, 4719, 5061, 5062, 5064, 5065, 5409, 5410, 5522, 5525, 5528, 5537, 5540, 5557, 5558, 5566, 5567, 5569, 5570, 5572, 5573, 5582, 5585, 5587, 5588, 5597, 5599, 5600, 5603, 5610, 5611, 5612, 5614, 5615, 5617, 5618, 5626, 5627, 5630, 5633, 5641, 5642, 5645, 5648, 5657, 5660, 5663, 5671, 5672, 5674, 5675, 5677, 5678, 5686, 5687, 5688, 5689, 5690, 5692, 5693, 5700, 5701, 5702, 5704, 5705, 5707, 5708, 5715, 5716, 5717, 5719, 5720, 5721, 5722, 5723, 5731, 5732, 5734, 5735, 5737, 5738, 5747, 5750, 5751, 5752, 5753, 5761, 5762, 5764, 5765, 5767, 5768, 5777, 5780, 5783, 5792, 5795, 5798, 5806, 5807, 5810, 5812, 5813, 5822, 5825, 5827, 5828, 5837, 5840, 5843, 5852, 5854, 5855, 5858, 7149, 7150, 7485, 7494, 7497, 7498, 7833], 159
doe2vec_cosine_0.1_seed30_t900_onlinemis.out, [225, 228, 234, 237, 1269, 1270, 1596, 1611, 1612, 1614, 1956, 2298, 2299, 2643, 2646, 2649, 2652, 2988, 2991, 2994, 2997, 3681, 3682, 3684, 4019, 4020, 4021, 4022, 4026, 4029, 4030, 4032, 4033, 4034, 4353, 4354, 4368, 4713, 4714, 4719, 5061, 5062, 5064, 5065, 5409, 5410, 5522, 5525, 5528, 5537, 5540, 5557, 5558, 5566, 5567, 5569, 5570, 5572, 5573, 5582, 5585, 5587, 5588, 5597, 5599, 5600, 5603, 5610, 5611, 5612, 5614, 5615, 5617, 5618, 5626, 5627, 5630, 5633, 5641, 5642, 5645, 5648, 5657, 5660, 5663, 5671, 5672, 5674, 5675, 5677, 5678, 5686, 5687, 5688, 5689, 5690, 5692, 5693, 5700, 5701, 5702, 5704, 5705, 5707, 5708, 5715, 5716, 5717, 5719, 5720, 5721, 5722, 5723, 5731, 5732, 5734, 5735, 5737, 5738, 5747, 5750, 5751, 5752, 5753, 5761, 5762, 5764, 5765, 5767, 5768, 5777, 5780, 5783, 5792, 5795, 5798, 5806, 5807, 5810, 5812, 5813, 5822, 5825, 5827, 5828, 5837, 5840, 5843, 5852, 5854, 5855, 5858, 7149, 7150, 7485, 7494, 7497, 7498, 7833], 159
doe2vec_cosine_0.1_seed30_t900_redumis.out, [225, 228, 234, 237, 1269, 1270, 1596, 1611, 1612, 1614, 1956, 2298, 2299, 2643, 2646, 2649, 2652, 2988, 2991, 2994, 2997, 3681, 3682, 3684, 4019, 4020, 4021, 4022, 4026, 4029, 4030, 4032, 4033, 4034, 4353, 4354, 4368, 4713, 4714, 4719, 5061, 5062, 5064, 5065, 5409, 5522, 5525, 5528, 5537, 5557, 5558, 5566, 5567, 5569, 5570, 5572, 5573, 5582, 5585, 5587, 5588, 5597, 5599, 5600, 5602, 5603, 5610, 5611, 5612, 5614, 5615, 5617, 5618, 5626, 5627, 5630, 5633, 5641, 5642, 5645, 5648, 5657, 5660, 5663, 5671, 5672, 5674, 5675, 5677, 5678, 5686, 5687, 5688, 5689, 5690, 5692, 5693, 5700, 5701, 5702, 5704, 5705, 5707, 5708, 5715, 5716, 5717, 5719, 5720, 5721, 5722, 5723, 5731, 5732, 5734, 5735, 5737, 5738, 5747, 5750, 5751, 5752, 5753, 5761, 5762, 5764, 5765, 5767, 5768, 5777, 5780, 5783, 5792, 5795, 5797, 5798, 5806, 5807, 5810, 5812, 5813, 5822, 5825, 5827, 5828, 5837, 5840, 5843, 5852, 5854, 5855, 5858, 7149, 7150, 7485, 7494, 7497, 7498, 7833], 159
doe2vec_cosine_0.1_seed40_t900_onlinemis.out, [225, 228, 234, 237, 1269, 1270, 1596, 1611, 1612, 1614, 1956, 2298, 2299, 2643, 2646, 2649, 2652, 2988, 2991, 2994, 2997, 3681, 3682, 3684, 4019, 4020, 4021, 4022, 4026, 4029, 4030, 4032, 4033, 4034, 4353, 4354, 4368, 4713, 4714, 4719, 5061, 5062, 5064, 5065, 5409, 5522, 5525, 5528, 5537, 5540, 5557, 5558, 5566, 5567, 5569, 5570, 5572, 5573, 5582, 5585, 5587, 5588, 5597, 5599, 5600, 5602, 5603, 5610, 5611, 5612, 5614, 5615, 5617, 5618, 5626, 5627, 5630, 5633, 5641, 5642, 5645, 5648, 5657, 5660, 5663, 5671, 5672, 5674, 5675, 5677, 5678, 5686, 5687, 5688, 5689, 5690, 5692, 5693, 5700, 5701, 5702, 5704, 5705, 5707, 5708, 5715, 5716, 5717, 5719, 5720, 5721, 5722, 5723, 5731, 5732, 5734, 5735, 5737, 5738, 5747, 5750, 5751, 5752, 5753, 5761, 5762, 5764, 5765, 5767, 5768, 5777, 5780, 5783, 5792, 5795, 5798, 5806, 5807, 5810, 5812, 5813, 5822, 5825, 5827, 5828, 5837, 5840, 5843, 5852, 5854, 5855, 5858, 7149, 7150, 7485, 7494, 7497, 7498, 7833], 159
doe2vec_cosine_0.1_seed50_t900_onlinemis.out, [225, 228, 234, 237, 1269, 1270, 1596, 1611, 1612, 1614, 1956, 2298, 2299, 2643, 2646, 2649, 2652, 2988, 2991, 2994, 2997, 3681, 3682, 3684, 4019, 4020, 4021, 4022, 4026, 4029, 4030, 4032, 4033, 4034, 4353, 4354, 4368, 4713, 4714, 4719, 5061, 5062, 5064, 5065, 5409, 5522, 5525, 5528, 5537, 5557, 5558, 5566, 5567, 5569, 5570, 5572, 5573, 5582, 5585, 5587, 5588, 5597, 5599, 5600, 5602, 5603, 5610, 5611, 5612, 5614, 5615, 5617, 5618, 5626, 5627, 5630, 5633, 5641, 5642, 5645, 5648, 5657, 5660, 5663, 5671, 5672, 5674, 5675, 5677, 5678, 5686, 5687, 5688, 5689, 5690, 5692, 5693, 5700, 5701, 5702, 5704, 5705, 5707, 5708, 5715, 5716, 5717, 5719, 5720, 5721, 5722, 5723, 5731, 5732, 5734, 5735, 5737, 5738, 5747, 5750, 5751, 5752, 5753, 5761, 5762, 5764, 5765, 5767, 5768, 5777, 5780, 5783, 5792, 5795, 5797, 5798, 5806, 5807, 5810, 5812, 5813, 5822, 5825, 5827, 5828, 5837, 5840, 5843, 5852, 5854, 5855, 5858, 7149, 7150, 7485, 7494, 7497, 7498, 7833], 159
doe2vec_cosine_0.1_seed50_t900_redumis.out, [225, 228, 234, 237, 1269, 1270, 1596, 1611, 1612, 1614, 1956, 2298, 2299, 2643, 2646, 2649, 2652, 2988, 2991, 2994, 2997, 3681, 3682, 3684, 4019, 4020, 4021, 4022, 4026, 4029, 4030, 4032, 4033, 4034, 4353, 4354, 4368, 4713, 4714, 4719, 5061, 5062, 5064, 5065, 5409, 5522, 5525, 5528, 5537, 5557, 5558, 5566, 5567, 5569, 5570, 5572, 5573, 5582, 5585, 5587, 5588, 5597, 5599, 5600, 5602, 5603, 5610, 5611, 5612, 5614, 5615, 5617, 5618, 5626, 5627, 5630, 5633, 5641, 5642, 5645, 5648, 5657, 5660, 5663, 5671, 5672, 5674, 5675, 5677, 5678, 5686, 5687, 5688, 5689, 5690, 5692, 5693, 5700, 5701, 5702, 5704, 5705, 5707, 5708, 5715, 5716, 5717, 5719, 5720, 5721, 5722, 5723, 5731, 5732, 5734, 5735, 5737, 5738, 5747, 5750, 5751, 5752, 5753, 5761, 5762, 5764, 5765, 5767, 5768, 5777, 5780, 5783, 5792, 5795, 5797, 5798, 5806, 5807, 5810, 5812, 5813, 5822, 5825, 5827, 5828, 5837, 5840, 5843, 5852, 5854, 5855, 5858, 7149, 7150, 7485, 7494, 7497, 7498, 7833], 159
doe2vec_cosine_0.2_seed10_t900_onlinemis.out, [ ... ], 269
doe2vec_cosine_0.2_seed1_t900_redumis.out, [ ... ], 269
doe2vec_cosine_0.2_seed20_t900_onlinemis.out, [ ... ], 269
doe2vec_cosine_0.2_seed20_t900_redumis.out, [ ... ], 269
doe2vec_cosine_0.2_seed30_t900_onlinemis.out, [ ... ], 269
doe2vec_cosine_0.2_seed30_t900_redumis.out, [ ... ], 269
doe2vec_cosine_0.2_seed40_t900_onlinemis.out, [ ... ], 269
doe2vec_cosine_0.2_seed40_t900_redumis.out, [ ... ], 269
doe2vec_cosine_0.2_seed50_t900_onlinemis.out, [ ... ], 269
doe2vec_cosine_0.5_seed10_t900_onlinemis.out, [ ... ], 633
doe2vec_cosine_0.5_seed20_t900_onlinemis.out, [ ... ], 633
doe2vec_cosine_0.5_seed30_t900_onlinemis.out, [ ... ], 633
doe2vec_cosine_0.5_seed30_t900_redumis.out, [ ... ], 633
doe2vec_cosine_0.5_seed40_t900_onlinemis.out, [ ... ], 633
doe2vec_cosine_0.5_seed40_t900_redumis.out, [ ... ], 633
doe2vec_cosine_0.5_seed50_t900_onlinemis.out, [ ... ], 633
doe2vec_cosine_0.5_seed50_t900_redumis.out, [ ... ], 633
doe2vec_cosine_1.0_seed10_t900_onlinemis.out, [ ... ], 1871
doe2vec_cosine_1.0_seed20_t900_onlinemis.out, [ ... ], 1871
doe2vec_cosine_1.0_seed30_t900_onlinemis.out, [ ... ], 1871
doe2vec_cosine_1.0_seed40_t900_onlinemis.out, [ ... ], 1871
doe2vec_cosine_1.0_seed40_t900_redumis.out, [ ... ], 1871
doe2vec_cosine_1.0_seed50_t900_onlinemis.out, [ ... ], 1871
doe2vec_cosine_1.0_seed50_t900_redumis.out, [ ... ], 1871
doe2vec_cosine_2.0_seed10_t900_onlinemis.out, [ ... ], 8280
doe2vec_cosine_2.0_seed1_t900_redumis.out, [ ... ], 8280
doe2vec_cosine_2.0_seed20_t900_onlinemis.out, [ ... ], 8280
doe2vec_cosine_2.0_seed20_t900_redumis.out, [ ... ], 8280
doe2vec_cosine_2.0_seed30_t900_onlinemis.out, [ ... ], 8280
doe2vec_cosine_2.0_seed30_t900_redumis.out, [ ... ], 8280
doe2vec_cosine_2.0_seed40_t900_onlinemis.out, [ ... ], 8280
doe2vec_cosine_2.0_seed40_t900_redumis.out, [ ... ], 8280
doe2vec_cosine_2.0_seed50_t900_onlinemis.out, [ ... ], 8280
doe2vec_cosine_2.0_seed50_t900_redumis.out, [ ... ], 8280
doe2vec_seuclidean_0.1_seed10_t900_onlinemis.out, [2522, 2865], 2
doe2vec_seuclidean_0.1_seed1_t900_redumis.out, [2534, 2877], 2
doe2vec_seuclidean_0.1_seed20_t900_onlinemis.out, [2529, 2876], 2
doe2vec_seuclidean_0.1_seed20_t900_redumis.out, [2534, 2877], 2
doe2vec_seuclidean_0.1_seed30_t900_onlinemis.out, [2522, 2865], 2
doe2vec_seuclidean_0.1_seed30_t900_redumis.out, [2534, 2877], 2
doe2vec_seuclidean_0.1_seed40_t900_onlinemis.out, [2525, 2868], 2
doe2vec_seuclidean_0.1_seed40_t900_redumis.out, [2534, 2877], 2
doe2vec_seuclidean_0.1_seed50_t900_onlinemis.out, [2522, 2865], 2
doe2vec_seuclidean_0.1_seed50_t900_redumis.out, [2534, 2877], 2
doe2vec_seuclidean_0.2_seed10_t900_onlinemis.out, [836, 851, 941], 3
doe2vec_seuclidean_0.2_seed1_t900_redumis.out, [836, 851, 941], 3
doe2vec_seuclidean_0.2_seed20_t900_onlinemis.out, [836, 851, 941], 3
doe2vec_seuclidean_0.2_seed20_t900_redumis.out, [836, 851, 941], 3
doe2vec_seuclidean_0.2_seed30_t900_onlinemis.out, [836, 851, 941], 3
doe2vec_seuclidean_0.2_seed30_t900_redumis.out, [836, 851, 941], 3
doe2vec_seuclidean_0.2_seed40_t900_onlinemis.out, [836, 851, 941], 3
doe2vec_seuclidean_0.2_seed40_t900_redumis.out, [836, 851, 941], 3
doe2vec_seuclidean_0.2_seed50_t900_onlinemis.out, [836, 851, 941], 3
doe2vec_seuclidean_0.2_seed50_t900_redumis.out, [836, 851, 941], 3
doe2vec_seuclidean_0.5_seed10_t900_onlinemis.out, [734, 779, 794, 809, 839, 854, 989], 7
doe2vec_seuclidean_0.5_seed1_t900_redumis.out, [728, 773, 803, 833, 863, 878, 983], 7
doe2vec_seuclidean_0.5_seed20_t900_onlinemis.out, [728, 773, 803, 833, 863, 878, 983], 7
doe2vec_seuclidean_0.5_seed20_t900_redumis.out, [734, 779, 794, 809, 839, 854, 989], 7
doe2vec_seuclidean_0.5_seed30_t900_onlinemis.out, [728, 773, 803, 833, 863, 878, 983], 7
doe2vec_seuclidean_0.5_seed30_t900_redumis.out, [734, 779, 794, 809, 839, 854, 989], 7
doe2vec_seuclidean_0.5_seed40_t900_onlinemis.out, [728, 773, 803, 833, 863, 878, 983], 7
doe2vec_seuclidean_0.5_seed40_t900_redumis.out, [734, 779, 794, 809, 839, 854, 989], 7
doe2vec_seuclidean_0.5_seed50_t900_onlinemis.out, [728, 773, 803, 833, 863, 878, 983], 7
doe2vec_seuclidean_0.5_seed50_t900_redumis.out, [728, 773, 803, 833, 863, 878, 983], 7
doe2vec_seuclidean_1.0_seed10_t900_onlinemis.out, [24, 701, 731, 746, 761, 776, 791, 821, 836, 851, 866, 881, 896, 941, 971, 1001, 1016, 1031], 18
doe2vec_seuclidean_1.0_seed1_t900_redumis.out, [24, 701, 731, 746, 761, 776, 791, 821, 836, 851, 866, 881, 896, 941, 971, 1001, 1016, 1031], 18
doe2vec_seuclidean_1.0_seed20_t900_onlinemis.out, [24, 701, 731, 746, 761, 776, 791, 821, 836, 851, 866, 881, 896, 941, 971, 1001, 1016, 1031], 18
doe2vec_seuclidean_1.0_seed20_t900_redumis.out, [24, 701, 731, 746, 761, 776, 791, 821, 836, 851, 866, 881, 896, 941, 971, 1001, 1016, 1031], 18
doe2vec_seuclidean_1.0_seed30_t900_onlinemis.out, [24, 701, 731, 746, 761, 776, 791, 821, 836, 851, 866, 881, 896, 941, 971, 1001, 1016, 1031], 18
doe2vec_seuclidean_1.0_seed30_t900_redumis.out, [24, 701, 731, 746, 761, 776, 791, 821, 836, 851, 866, 881, 896, 941, 971, 1001, 1016, 1031], 18
doe2vec_seuclidean_1.0_seed40_t900_onlinemis.out, [24, 701, 731, 746, 761, 776, 791, 821, 836, 851, 866, 881, 896, 941, 971, 1001, 1016, 1031], 18
doe2vec_seuclidean_1.0_seed40_t900_redumis.out, [24, 701, 731, 746, 761, 776, 791, 821, 836, 851, 866, 881, 896, 941, 971, 1001, 1016, 1031], 18
doe2vec_seuclidean_1.0_seed50_t900_onlinemis.out, [24, 701, 731, 746, 761, 776, 791, 821, 836, 851, 866, 881, 896, 941, 971, 1001, 1016, 1031], 18
doe2vec_seuclidean_1.0_seed50_t900_redumis.out, [24, 701, 731, 746, 761, 776, 791, 821, 836, 851, 866, 881, 896, 941, 971, 1001, 1016, 1031], 18
doe2vec_seuclidean_2.0_seed10_t900_onlinemis.out, [24, 701, 716, 731, 746, 761, 776, 791, 821, 836, 851, 866, 881, 896, 911, 926, 941, 956, 971, 986, 1001, 1016, 1031, 5904], 24
doe2vec_seuclidean_2.0_seed1_t900_redumis.out, [24, 701, 716, 731, 746, 761, 776, 791, 806, 821, 836, 851, 866, 881, 896, 911, 926, 941, 971, 986, 1001, 1016, 1031, 5904], 24
doe2vec_seuclidean_2.0_seed20_t900_onlinemis.out, [24, 701, 716, 731, 746, 761, 776, 791, 821, 836, 851, 866, 881, 896, 911, 926, 941, 956, 971, 986, 1001, 1016, 1031, 5904], 24
doe2vec_seuclidean_2.0_seed20_t900_redumis.out, [24, 701, 716, 731, 746, 761, 776, 791, 806, 821, 836, 851, 866, 881, 896, 911, 926, 941, 971, 986, 1001, 1016, 1031, 5904], 24
doe2vec_seuclidean_2.0_seed30_t900_onlinemis.out, [24, 701, 716, 731, 746, 761, 776, 791, 821, 836, 851, 866, 881, 896, 911, 926, 941, 956, 971, 986, 1001, 1016, 1031, 5904], 24
doe2vec_seuclidean_2.0_seed30_t900_redumis.out, [24, 701, 716, 731, 746, 761, 776, 791, 806, 821, 836, 851, 866, 881, 896, 911, 926, 941, 971, 986, 1001, 1016, 1031, 5904], 24
doe2vec_seuclidean_2.0_seed40_t900_onlinemis.out, [24, 701, 716, 731, 746, 761, 776, 791, 806, 821, 836, 851, 866, 881, 896, 911, 926, 941, 971, 986, 1001, 1016, 1031, 5904], 24
doe2vec_seuclidean_2.0_seed40_t900_redumis.out, [24, 701, 716, 731, 746, 761, 776, 791, 806, 821, 836, 851, 866, 881, 896, 911, 926, 941, 971, 986, 1001, 1016, 1031, 5904], 24
doe2vec_seuclidean_2.0_seed50_t900_onlinemis.out, [24, 701, 716, 731, 746, 761, 776, 791, 806, 821, 836, 851, 866, 881, 896, 911, 926, 941, 971, 986, 1001, 1016, 1031, 5904], 24
doe2vec_seuclidean_2.0_seed50_t900_redumis.out, [24, 701, 716, 731, 746, 761, 776, 791, 806, 821, 836, 851, 866, 881, 896, 911, 926, 941, 971, 986, 1001, 1016, 1031, 5904], 24
ela_correlation_0.1_seed10_t900_onlinemis.out, [ ... ], 5307
ela_correlation_0.1_seed20_t900_onlinemis.out, [ ... ], 5307
ela_correlation_0.1_seed30_t900_onlinemis.out, [ ... ], 5307
ela_correlation_0.1_seed40_t900_onlinemis.out, [ ... ], 5307
ela_correlation_0.1_seed40_t900_redumis.out, [ ... ], 5308
ela_correlation_0.1_seed50_t900_onlinemis.out, [ ... ], 5307
ela_correlation_0.2_seed10_t900_onlinemis.out, [ ... ], 6158
ela_correlation_0.2_seed20_t900_onlinemis.out, [ ... ], 6158
ela_correlation_0.2_seed30_t900_onlinemis.out, [ ... ], 6158
ela_correlation_0.2_seed40_t900_onlinemis.out, [ ... ], 6158
ela_correlation_0.2_seed50_t900_onlinemis.out, [ ... ], 6158
ela_correlation_0.5_seed10_t900_onlinemis.out, [ ... ], 7176
ela_correlation_0.5_seed20_t900_onlinemis.out, [ ... ], 7176
ela_correlation_0.5_seed30_t900_onlinemis.out, [ ... ], 7176
ela_correlation_0.5_seed40_t900_onlinemis.out, [ ... ], 7176
ela_correlation_0.5_seed50_t900_onlinemis.out, [ ... ], 7176
ela_correlation_1.0_seed10_t900_onlinemis.out, [ ... ], 8272
ela_correlation_1.0_seed1_t900_redumis.out, [ ... ], 8272
ela_correlation_1.0_seed20_t900_onlinemis.out, [ ... ], 8272
ela_correlation_1.0_seed20_t900_redumis.out, [ ... ], 8272
ela_correlation_1.0_seed30_t900_onlinemis.out, [ ... ], 8272
ela_correlation_1.0_seed30_t900_redumis.out, [ ... ], 8272
ela_correlation_1.0_seed40_t900_onlinemis.out, [ ... ], 8272
ela_correlation_1.0_seed40_t900_redumis.out, [ ... ], 8272
ela_correlation_1.0_seed50_t900_onlinemis.out, [ ... ], 8272
ela_correlation_1.0_seed50_t900_redumis.out, [ ... ], 8272
ela_correlation_2.0_seed10_t900_onlinemis.out, [ ... ], 8280
ela_correlation_2.0_seed1_t900_redumis.out, [ ... ], 8280
ela_correlation_2.0_seed20_t900_onlinemis.out, [ ... ], 8280
ela_correlation_2.0_seed20_t900_redumis.out, [ ... ], 8280
ela_correlation_2.0_seed30_t900_onlinemis.out, [ ... ], 8280
ela_correlation_2.0_seed30_t900_redumis.out, [ ... ], 8280
ela_correlation_2.0_seed40_t900_onlinemis.out, [ ... ], 8280
ela_correlation_2.0_seed40_t900_redumis.out, [ ... ], 8280
ela_correlation_2.0_seed50_t900_onlinemis.out, [ ... ], 8280
ela_correlation_2.0_seed50_t900_redumis.out, [ ... ], 8280
ela_cosine_0.1_seed10_t900_onlinemis.out, [ ... ], 5312
ela_cosine_0.1_seed1_t900_redumis.out, [ ... ], 5313
ela_cosine_0.1_seed20_t900_onlinemis.out, [ ... ], 5312
ela_cosine_0.1_seed30_t900_onlinemis.out, [ ... ], 5312
ela_cosine_0.1_seed40_t900_onlinemis.out, [ ... ], 5312
ela_cosine_0.1_seed50_t900_onlinemis.out, [ ... ], 5312
ela_cosine_0.1_seed50_t900_redumis.out, [ ... ], 5313
ela_cosine_0.2_seed10_t900_onlinemis.out, [ ... ], 6167
ela_cosine_0.2_seed20_t900_onlinemis.out, [ ... ], 6167
ela_cosine_0.2_seed30_t900_onlinemis.out, [ ... ], 6167
ela_cosine_0.2_seed40_t900_onlinemis.out, [ ... ], 6167
ela_cosine_0.2_seed50_t900_onlinemis.out, [ ... ], 6167
ela_cosine_0.5_seed10_t900_onlinemis.out, [ ... ], 7200
ela_cosine_0.5_seed20_t900_onlinemis.out, [ ... ], 7200
ela_cosine_0.5_seed30_t900_onlinemis.out, [ ... ], 7200
ela_cosine_0.5_seed40_t900_onlinemis.out, [ ... ], 7200
ela_cosine_0.5_seed50_t900_onlinemis.out, [ ... ], 7200
ela_cosine_1.0_seed10_t900_onlinemis.out, [ ... ], 8280
ela_cosine_1.0_seed1_t900_redumis.out, [ ... ], 8280
ela_cosine_1.0_seed20_t900_onlinemis.out, [ ... ], 8280
ela_cosine_1.0_seed20_t900_redumis.out, [ ... ], 8280
ela_cosine_1.0_seed30_t900_onlinemis.out, [ ... ], 8280
ela_cosine_1.0_seed30_t900_redumis.out, [ ... ], 8280
ela_cosine_1.0_seed40_t900_onlinemis.out, [ ... ], 8280
ela_cosine_1.0_seed40_t900_redumis.out, [ ... ], 8280
ela_cosine_1.0_seed50_t900_onlinemis.out, [ ... ], 8280
ela_cosine_1.0_seed50_t900_redumis.out, [ ... ], 8280
ela_cosine_2.0_seed10_t900_onlinemis.out, [ ... ], 8280
ela_cosine_2.0_seed1_t900_redumis.out, [ ... ], 8280
ela_cosine_2.0_seed20_t900_onlinemis.out, [ ... ], 8280
ela_cosine_2.0_seed20_t900_redumis.out, [ ... ], 8280
ela_cosine_2.0_seed30_t900_onlinemis.out, [ ... ], 8280
ela_cosine_2.0_seed30_t900_redumis.out, [ ... ], 8280
ela_cosine_2.0_seed40_t900_onlinemis.out, [ ... ], 8280
ela_cosine_2.0_seed40_t900_redumis.out, [ ... ], 8280
ela_cosine_2.0_seed50_t900_onlinemis.out, [ ... ], 8280
ela_cosine_2.0_seed50_t900_redumis.out, [ ... ], 8280
ela_seuclidean_0.1_seed10_t900_onlinemis.out, [ ... ], 8280
ela_seuclidean_0.1_seed1_t900_redumis.out, [ ... ], 8280
ela_seuclidean_0.1_seed20_t900_onlinemis.out, [ ... ], 8280
ela_seuclidean_0.1_seed20_t900_redumis.out, [ ... ], 8280
ela_seuclidean_0.1_seed30_t900_onlinemis.out, [ ... ], 8280
ela_seuclidean_0.1_seed30_t900_redumis.out, [ ... ], 8280
ela_seuclidean_0.1_seed40_t900_onlinemis.out, [ ... ], 8280
ela_seuclidean_0.1_seed40_t900_redumis.out, [ ... ], 8280
ela_seuclidean_0.1_seed50_t900_onlinemis.out, [ ... ], 8280
ela_seuclidean_0.1_seed50_t900_redumis.out, [ ... ], 8280
ela_seuclidean_0.2_seed10_t900_onlinemis.out, [ ... ], 8280
ela_seuclidean_0.2_seed1_t900_redumis.out, [ ... ], 8280
ela_seuclidean_0.2_seed20_t900_onlinemis.out, [ ... ], 8280
ela_seuclidean_0.2_seed20_t900_redumis.out, [ ... ], 8280
ela_seuclidean_0.2_seed30_t900_onlinemis.out, [ ... ], 8280
ela_seuclidean_0.2_seed30_t900_redumis.out, [ ... ], 8280
ela_seuclidean_0.2_seed40_t900_onlinemis.out, [ ... ], 8280
ela_seuclidean_0.2_seed40_t900_redumis.out, [ ... ], 8280
ela_seuclidean_0.2_seed50_t900_onlinemis.out, [ ... ], 8280
ela_seuclidean_0.2_seed50_t900_redumis.out, [ ... ], 8280
ela_seuclidean_0.5_seed10_t900_onlinemis.out, [ ... ], 8280
ela_seuclidean_0.5_seed1_t900_redumis.out, [ ... ], 8280
ela_seuclidean_0.5_seed20_t900_onlinemis.out, [ ... ], 8280
ela_seuclidean_0.5_seed20_t900_redumis.out, [ ... ], 8280
ela_seuclidean_0.5_seed30_t900_onlinemis.out, [ ... ], 8280
ela_seuclidean_0.5_seed30_t900_redumis.out, [ ... ], 8280
ela_seuclidean_0.5_seed40_t900_onlinemis.out, [ ... ], 8280
ela_seuclidean_0.5_seed40_t900_redumis.out, [ ... ], 8280
ela_seuclidean_0.5_seed50_t900_onlinemis.out, [ ... ], 8280
ela_seuclidean_0.5_seed50_t900_redumis.out, [ ... ], 8280
ela_seuclidean_1.0_seed10_t900_onlinemis.out, [ ... ], 8280
ela_seuclidean_1.0_seed1_t900_redumis.out, [ ... ], 8280
ela_seuclidean_1.0_seed20_t900_onlinemis.out, [ ... ], 8280
ela_seuclidean_1.0_seed20_t900_redumis.out, [ ... ], 8280
ela_seuclidean_1.0_seed30_t900_onlinemis.out, [ ... ], 8280
ela_seuclidean_1.0_seed30_t900_redumis.out, [ ... ], 8280
ela_seuclidean_1.0_seed40_t900_onlinemis.out, [ ... ], 8280
ela_seuclidean_1.0_seed40_t900_redumis.out, [ ... ], 8280
ela_seuclidean_1.0_seed50_t900_onlinemis.out, [ ... ], 8280
ela_seuclidean_1.0_seed50_t900_redumis.out, [ ... ], 8280
ela_seuclidean_2.0_seed10_t900_onlinemis.out, [ ... ], 8280
ela_seuclidean_2.0_seed1_t900_redumis.out, [ ... ], 8280
ela_seuclidean_2.0_seed20_t900_onlinemis.out, [ ... ], 8280
ela_seuclidean_2.0_seed20_t900_redumis.out, [ ... ], 8280
ela_seuclidean_2.0_seed30_t900_onlinemis.out, [ ... ], 8280
ela_seuclidean_2.0_seed30_t900_redumis.out, [ ... ], 8280
ela_seuclidean_2.0_seed40_t900_onlinemis.out, [ ... ], 8280
ela_seuclidean_2.0_seed40_t900_redumis.out, [ ... ], 8280
ela_seuclidean_2.0_seed50_t900_onlinemis.out, [ ... ], 8280
ela_seuclidean_2.0_seed50_t900_redumis.out, [ ... ], 8280
tinytla_correlation_0.1_seed10_t900_onlinemis.out, [ ... ], 7761
tinytla_correlation_0.1_seed1_t900_redumis.out, [ ... ], 7761
tinytla_correlation_0.1_seed20_t900_onlinemis.out, [ ... ], 7755
tinytla_correlation_0.1_seed20_t900_redumis.out, [ ... ], 7761
tinytla_correlation_0.1_seed30_t900_onlinemis.out, [ ... ], 7734
tinytla_correlation_0.1_seed30_t900_redumis.out, [ ... ], 7761
tinytla_correlation_0.1_seed40_t900_onlinemis.out, [ ... ], 7759
tinytla_correlation_0.1_seed40_t900_redumis.out, [ ... ], 7761
tinytla_correlation_0.1_seed50_t900_onlinemis.out, [ ... ], 7745
tinytla_correlation_0.1_seed50_t900_redumis.out, [ ... ], 7761
tinytla_correlation_0.2_seed10_t900_onlinemis.out, [ ... ], 7845
tinytla_correlation_0.2_seed1_t900_redumis.out, [ ... ], 7845
tinytla_correlation_0.2_seed20_t900_onlinemis.out, [ ... ], 7845
tinytla_correlation_0.2_seed20_t900_redumis.out, [ ... ], 7845
tinytla_correlation_0.2_seed30_t900_onlinemis.out, [ ... ], 7845
tinytla_correlation_0.2_seed30_t900_redumis.out, [ ... ], 7845
tinytla_correlation_0.2_seed40_t900_onlinemis.out, [ ... ], 7845
tinytla_correlation_0.2_seed40_t900_redumis.out, [ ... ], 7845
tinytla_correlation_0.2_seed50_t900_onlinemis.out, [ ... ], 7845
tinytla_correlation_0.2_seed50_t900_redumis.out, [ ... ], 7845
tinytla_correlation_0.5_seed10_t900_onlinemis.out, [ ... ], 7845
tinytla_correlation_0.5_seed1_t900_redumis.out, [ ... ], 7845
tinytla_correlation_0.5_seed20_t900_onlinemis.out, [ ... ], 7845
tinytla_correlation_0.5_seed20_t900_redumis.out, [ ... ], 7845
tinytla_correlation_0.5_seed30_t900_onlinemis.out, [ ... ], 7845
tinytla_correlation_0.5_seed30_t900_redumis.out, [ ... ], 7845
tinytla_correlation_0.5_seed40_t900_onlinemis.out, [ ... ], 7845
tinytla_correlation_0.5_seed40_t900_redumis.out, [ ... ], 7845
tinytla_correlation_0.5_seed50_t900_onlinemis.out, [ ... ], 7845
tinytla_correlation_0.5_seed50_t900_redumis.out, [ ... ], 7845
tinytla_correlation_1.0_seed10_t900_onlinemis.out, [ ... ], 7845
tinytla_correlation_1.0_seed1_t900_redumis.out, [ ... ], 7845
tinytla_correlation_1.0_seed20_t900_onlinemis.out, [ ... ], 7845
tinytla_correlation_1.0_seed20_t900_redumis.out, [ ... ], 7845
tinytla_correlation_1.0_seed30_t900_onlinemis.out, [ ... ], 7845
tinytla_correlation_1.0_seed30_t900_redumis.out, [ ... ], 7845
tinytla_correlation_1.0_seed40_t900_onlinemis.out, [ ... ], 7845
tinytla_correlation_1.0_seed40_t900_redumis.out, [ ... ], 7845
tinytla_correlation_1.0_seed50_t900_onlinemis.out, [ ... ], 7845
tinytla_correlation_1.0_seed50_t900_redumis.out, [ ... ], 7845
tinytla_correlation_2.0_seed10_t900_onlinemis.out, [ ... ], 7845
tinytla_correlation_2.0_seed1_t900_redumis.out, [ ... ], 7845
tinytla_correlation_2.0_seed20_t900_onlinemis.out, [ ... ], 7845
tinytla_correlation_2.0_seed20_t900_redumis.out, [ ... ], 7845
tinytla_correlation_2.0_seed30_t900_onlinemis.out, [ ... ], 7845
tinytla_correlation_2.0_seed30_t900_redumis.out, [ ... ], 7845
tinytla_correlation_2.0_seed40_t900_onlinemis.out, [ ... ], 7845
tinytla_correlation_2.0_seed40_t900_redumis.out, [ ... ], 7845
tinytla_correlation_2.0_seed50_t900_onlinemis.out, [ ... ], 7845
tinytla_correlation_2.0_seed50_t900_redumis.out, [ ... ], 7845
tinytla_cosine_0.1_seed10_t900_onlinemis.out, [ ... ], 7730
tinytla_cosine_0.1_seed1_t900_redumis.out, [ ... ], 7763
tinytla_cosine_0.1_seed20_t900_onlinemis.out, [ ... ], 7761
tinytla_cosine_0.1_seed20_t900_redumis.out, [ ... ], 7763
tinytla_cosine_0.1_seed30_t900_onlinemis.out, [ ... ], 7747
tinytla_cosine_0.1_seed30_t900_redumis.out, [ ... ], 7763
tinytla_cosine_0.1_seed40_t900_onlinemis.out, [ ... ], 7749
tinytla_cosine_0.1_seed40_t900_redumis.out, [ ... ], 7763
tinytla_cosine_0.1_seed50_t900_onlinemis.out, [ ... ], 7749
tinytla_cosine_0.1_seed50_t900_redumis.out, [ ... ], 7763
tinytla_cosine_0.2_seed10_t900_onlinemis.out, [ ... ], 7845
tinytla_cosine_0.2_seed1_t900_redumis.out, [ ... ], 7845
tinytla_cosine_0.2_seed20_t900_onlinemis.out, [ ... ], 7845
tinytla_cosine_0.2_seed20_t900_redumis.out, [ ... ], 7845
tinytla_cosine_0.2_seed30_t900_onlinemis.out, [ ... ], 7845
tinytla_cosine_0.2_seed30_t900_redumis.out, [ ... ], 7845
tinytla_cosine_0.2_seed40_t900_onlinemis.out, [ ... ], 7845
tinytla_cosine_0.2_seed40_t900_redumis.out, [ ... ], 7845
tinytla_cosine_0.2_seed50_t900_onlinemis.out, [ ... ], 7845
tinytla_cosine_0.2_seed50_t900_redumis.out, [ ... ], 7845
tinytla_cosine_0.5_seed10_t900_onlinemis.out, [ ... ], 7845
tinytla_cosine_0.5_seed1_t900_redumis.out, [ ... ], 7845
tinytla_cosine_0.5_seed20_t900_onlinemis.out, [ ... ], 7845
tinytla_cosine_0.5_seed20_t900_redumis.out, [ ... ], 7845
tinytla_cosine_0.5_seed30_t900_onlinemis.out, [ ... ], 7845
tinytla_cosine_0.5_seed30_t900_redumis.out, [ ... ], 7845
tinytla_cosine_0.5_seed40_t900_onlinemis.out, [ ... ], 7845
tinytla_cosine_0.5_seed40_t900_redumis.out, [ ... ], 7845
tinytla_cosine_0.5_seed50_t900_onlinemis.out, [ ... ], 7845
tinytla_cosine_0.5_seed50_t900_redumis.out, [ ... ], 7845
tinytla_cosine_1.0_seed10_t900_onlinemis.out, [ ... ], 7845
tinytla_cosine_1.0_seed1_t900_redumis.out, [ ... ], 7845
tinytla_cosine_1.0_seed20_t900_onlinemis.out, [ ... ], 7845
tinytla_cosine_1.0_seed20_t900_redumis.out, [ ... ], 7845
tinytla_cosine_1.0_seed30_t900_onlinemis.out, [ ... ], 7845
tinytla_cosine_1.0_seed30_t900_redumis.out, [ ... ], 7845
tinytla_cosine_1.0_seed40_t900_onlinemis.out, [ ... ], 7845
tinytla_cosine_1.0_seed40_t900_redumis.out, [ ... ], 7845
tinytla_cosine_1.0_seed50_t900_onlinemis.out, [ ... ], 7845
tinytla_cosine_1.0_seed50_t900_redumis.out, [ ... ], 7845
tinytla_cosine_2.0_seed10_t900_onlinemis.out, [ ... ], 7845
tinytla_cosine_2.0_seed1_t900_redumis.out, [ ... ], 7845
tinytla_cosine_2.0_seed20_t900_onlinemis.out, [ ... ], 7845
tinytla_cosine_2.0_seed20_t900_redumis.out, [ ... ], 7845
tinytla_cosine_2.0_seed30_t900_onlinemis.out, [ ... ], 7845
tinytla_cosine_2.0_seed30_t900_redumis.out, [ ... ], 7845
tinytla_cosine_2.0_seed40_t900_onlinemis.out, [ ... ], 7845
tinytla_cosine_2.0_seed40_t900_redumis.out, [ ... ], 7845
tinytla_cosine_2.0_seed50_t900_onlinemis.out, [ ... ], 7845
tinytla_cosine_2.0_seed50_t900_redumis.out, [ ... ], 7845
tinytla_seuclidean_0.1_seed10_t900_onlinemis.out, [ ... ], 7845
tinytla_seuclidean_0.1_seed1_t900_redumis.out, [ ... ], 7845
tinytla_seuclidean_0.1_seed20_t900_onlinemis.out, [ ... ], 7845
tinytla_seuclidean_0.1_seed20_t900_redumis.out, [ ... ], 7845
tinytla_seuclidean_0.1_seed30_t900_onlinemis.out, [ ... ], 7845
tinytla_seuclidean_0.1_seed30_t900_redumis.out, [ ... ], 7845
tinytla_seuclidean_0.1_seed40_t900_onlinemis.out, [ ... ], 7845
tinytla_seuclidean_0.1_seed40_t900_redumis.out, [ ... ], 7845
tinytla_seuclidean_0.1_seed50_t900_onlinemis.out, [ ... ], 7845
tinytla_seuclidean_0.1_seed50_t900_redumis.out, [ ... ], 7845
tinytla_seuclidean_0.2_seed10_t900_onlinemis.out, [ ... ], 7845
tinytla_seuclidean_0.2_seed1_t900_redumis.out, [ ... ], 7845
tinytla_seuclidean_0.2_seed20_t900_onlinemis.out, [ ... ], 7845
tinytla_seuclidean_0.2_seed20_t900_redumis.out, [ ... ], 7845
tinytla_seuclidean_0.2_seed30_t900_onlinemis.out, [ ... ], 7845
tinytla_seuclidean_0.2_seed30_t900_redumis.out, [ ... ], 7845
tinytla_seuclidean_0.2_seed40_t900_onlinemis.out, [ ... ], 7845
tinytla_seuclidean_0.2_seed40_t900_redumis.out, [ ... ], 7845
tinytla_seuclidean_0.2_seed50_t900_onlinemis.out, [ ... ], 7845
tinytla_seuclidean_0.2_seed50_t900_redumis.out, [ ... ], 7845
tinytla_seuclidean_0.5_seed10_t900_onlinemis.out, [ ... ], 7845
tinytla_seuclidean_0.5_seed1_t900_redumis.out, [ ... ], 7845
tinytla_seuclidean_0.5_seed20_t900_onlinemis.out, [ ... ], 7845
tinytla_seuclidean_0.5_seed20_t900_redumis.out, [ ... ], 7845
tinytla_seuclidean_0.5_seed30_t900_onlinemis.out, [ ... ], 7845
tinytla_seuclidean_0.5_seed30_t900_redumis.out, [ ... ], 7845
tinytla_seuclidean_0.5_seed40_t900_onlinemis.out, [ ... ], 7845
tinytla_seuclidean_0.5_seed40_t900_redumis.out, [ ... ], 7845
tinytla_seuclidean_0.5_seed50_t900_onlinemis.out, [ ... ], 7845
tinytla_seuclidean_0.5_seed50_t900_redumis.out, [ ... ], 7845
tinytla_seuclidean_1.0_seed10_t900_onlinemis.out, [ ... ], 7845
tinytla_seuclidean_1.0_seed1_t900_redumis.out, [ ... ], 7845
tinytla_seuclidean_1.0_seed20_t900_onlinemis.out, [ ... ], 7845
tinytla_seuclidean_1.0_seed20_t900_redumis.out, [ ... ], 7845
tinytla_seuclidean_1.0_seed30_t900_onlinemis.out, [ ... ], 7845
tinytla_seuclidean_1.0_seed30_t900_redumis.out, [ ... ], 7845
tinytla_seuclidean_1.0_seed40_t900_onlinemis.out, [ ... ], 7845
tinytla_seuclidean_1.0_seed40_t900_redumis.out, [ ... ], 7845
tinytla_seuclidean_1.0_seed50_t900_onlinemis.out, [ ... ], 7845
tinytla_seuclidean_1.0_seed50_t900_redumis.out, [ ... ], 7845
tinytla_seuclidean_2.0_seed10_t900_onlinemis.out, [ ... ], 7845
tinytla_seuclidean_2.0_seed1_t900_redumis.out, [ ... ], 7845
tinytla_seuclidean_2.0_seed20_t900_onlinemis.out, [ ... ], 7845
tinytla_seuclidean_2.0_seed20_t900_redumis.out, [ ... ], 7845
tinytla_seuclidean_2.0_seed30_t900_onlinemis.out, [ ... ], 7845
tinytla_seuclidean_2.0_seed30_t900_redumis.out, [ ... ], 7845
tinytla_seuclidean_2.0_seed40_t900_onlinemis.out, [ ... ], 7845
tinytla_seuclidean_2.0_seed40_t900_redumis.out, [ ... ], 7845
tinytla_seuclidean_2.0_seed50_t900_onlinemis.out, [ ... ], 7845
tinytla_seuclidean_2.0_seed50_t900_redumis.out, [ ... ], 7845
transoptas_5pso_correlation_0.1_seed10_t900_onlinemis.out, [ ... ], 753
transoptas_5pso_correlation_0.1_seed1_t900_redumis.out, [ ... ], 754
transoptas_5pso_correlation_0.1_seed20_t900_onlinemis.out, [ ... ], 753
transoptas_5pso_correlation_0.1_seed30_t900_onlinemis.out, [ ... ], 754
transoptas_5pso_correlation_0.1_seed40_t900_onlinemis.out, [ ... ], 753
transoptas_5pso_correlation_0.1_seed50_t900_onlinemis.out, [ ... ], 753
transoptas_5pso_correlation_0.2_seed10_t900_onlinemis.out, [ ... ], 2087
transoptas_5pso_correlation_0.2_seed20_t900_onlinemis.out, [ ... ], 2087
transoptas_5pso_correlation_0.2_seed30_t900_onlinemis.out, [ ... ], 2087
transoptas_5pso_correlation_0.2_seed40_t900_onlinemis.out, [ ... ], 2087
transoptas_5pso_correlation_0.2_seed40_t900_redumis.out, [ ... ], 2087
transoptas_5pso_correlation_0.2_seed50_t900_onlinemis.out, [ ... ], 2087
transoptas_5pso_correlation_0.2_seed50_t900_redumis.out, [ ... ], 2087
transoptas_5pso_correlation_0.5_seed10_t900_onlinemis.out, [ ... ], 4900
transoptas_5pso_correlation_0.5_seed1_t900_redumis.out, [ ... ], 4900
transoptas_5pso_correlation_0.5_seed20_t900_onlinemis.out, [ ... ], 4900
transoptas_5pso_correlation_0.5_seed20_t900_redumis.out, [ ... ], 4900
transoptas_5pso_correlation_0.5_seed30_t900_onlinemis.out, [ ... ], 4900
transoptas_5pso_correlation_0.5_seed30_t900_redumis.out, [ ... ], 4900
transoptas_5pso_correlation_0.5_seed40_t900_onlinemis.out, [ ... ], 4900
transoptas_5pso_correlation_0.5_seed40_t900_redumis.out, [ ... ], 4900
transoptas_5pso_correlation_0.5_seed50_t900_onlinemis.out, [ ... ], 4900
transoptas_5pso_correlation_0.5_seed50_t900_redumis.out, [ ... ], 4900
transoptas_5pso_correlation_1.0_seed10_t900_onlinemis.out, [ ... ], 7223
transoptas_5pso_correlation_1.0_seed1_t900_redumis.out, [ ... ], 7232
transoptas_5pso_correlation_1.0_seed20_t900_onlinemis.out, [ ... ], 7208
transoptas_5pso_correlation_1.0_seed20_t900_redumis.out, [ ... ], 7232
transoptas_5pso_correlation_1.0_seed30_t900_onlinemis.out, [ ... ], 7188
transoptas_5pso_correlation_1.0_seed30_t900_redumis.out, [ ... ], 7232
transoptas_5pso_correlation_1.0_seed40_t900_onlinemis.out, [ ... ], 7216
transoptas_5pso_correlation_1.0_seed40_t900_redumis.out, [ ... ], 7232
transoptas_5pso_correlation_1.0_seed50_t900_onlinemis.out, [ ... ], 7159
transoptas_5pso_correlation_1.0_seed50_t900_redumis.out, [ ... ], 7232
transoptas_5pso_correlation_2.0_seed10_t900_onlinemis.out, [ ... ], 8280
transoptas_5pso_correlation_2.0_seed1_t900_redumis.out, [ ... ], 8280
transoptas_5pso_correlation_2.0_seed20_t900_onlinemis.out, [ ... ], 8280
transoptas_5pso_correlation_2.0_seed20_t900_redumis.out, [ ... ], 8280
transoptas_5pso_correlation_2.0_seed30_t900_onlinemis.out, [ ... ], 8280
transoptas_5pso_correlation_2.0_seed30_t900_redumis.out, [ ... ], 8280
transoptas_5pso_correlation_2.0_seed40_t900_onlinemis.out, [ ... ], 8280
transoptas_5pso_correlation_2.0_seed40_t900_redumis.out, [ ... ], 8280
transoptas_5pso_correlation_2.0_seed50_t900_onlinemis.out, [ ... ], 8280
transoptas_5pso_correlation_2.0_seed50_t900_redumis.out, [ ... ], 8280
transoptas_5pso_cosine_0.1_seed10_t900_onlinemis.out, [ ... ], 749
transoptas_5pso_cosine_0.1_seed20_t900_onlinemis.out, [ ... ], 749
transoptas_5pso_cosine_0.1_seed30_t900_onlinemis.out, [ ... ], 749
transoptas_5pso_cosine_0.1_seed40_t900_onlinemis.out, [ ... ], 749
transoptas_5pso_cosine_0.1_seed50_t900_onlinemis.out, [ ... ], 747
transoptas_5pso_cosine_0.2_seed10_t900_onlinemis.out, [ ... ], 2072
transoptas_5pso_cosine_0.2_seed20_t900_onlinemis.out, [ ... ], 2072
transoptas_5pso_cosine_0.2_seed30_t900_onlinemis.out, [ ... ], 2072
transoptas_5pso_cosine_0.2_seed40_t900_onlinemis.out, [ ... ], 2072
transoptas_5pso_cosine_0.2_seed40_t900_redumis.out, [ ... ], 2072
transoptas_5pso_cosine_0.2_seed50_t900_onlinemis.out, [ ... ], 2072
transoptas_5pso_cosine_0.5_seed10_t900_onlinemis.out, [ ... ], 4888
transoptas_5pso_cosine_0.5_seed1_t900_redumis.out, [ ... ], 4888
transoptas_5pso_cosine_0.5_seed20_t900_onlinemis.out, [ ... ], 4888
transoptas_5pso_cosine_0.5_seed20_t900_redumis.out, [ ... ], 4888
transoptas_5pso_cosine_0.5_seed30_t900_onlinemis.out, [ ... ], 4888
transoptas_5pso_cosine_0.5_seed30_t900_redumis.out, [ ... ], 4888
transoptas_5pso_cosine_0.5_seed40_t900_onlinemis.out, [ ... ], 4888
transoptas_5pso_cosine_0.5_seed40_t900_redumis.out, [ ... ], 4888
transoptas_5pso_cosine_0.5_seed50_t900_onlinemis.out, [ ... ], 4888
transoptas_5pso_cosine_0.5_seed50_t900_redumis.out, [ ... ], 4888
transoptas_5pso_cosine_1.0_seed10_t900_onlinemis.out, [ ... ], 6970
transoptas_5pso_cosine_1.0_seed1_t900_redumis.out, [ ... ], 7227
transoptas_5pso_cosine_1.0_seed20_t900_onlinemis.out, [ ... ], 6994
transoptas_5pso_cosine_1.0_seed20_t900_redumis.out, [ ... ], 7227
transoptas_5pso_cosine_1.0_seed30_t900_onlinemis.out, [ ... ], 7207
transoptas_5pso_cosine_1.0_seed30_t900_redumis.out, [ ... ], 7227
transoptas_5pso_cosine_1.0_seed40_t900_onlinemis.out, [ ... ], 7188
transoptas_5pso_cosine_1.0_seed40_t900_redumis.out, [ ... ], 7227
transoptas_5pso_cosine_1.0_seed50_t900_onlinemis.out, [ ... ], 7003
transoptas_5pso_cosine_1.0_seed50_t900_redumis.out, [ ... ], 7227
transoptas_5pso_cosine_2.0_seed10_t900_onlinemis.out, [ ... ], 8280
transoptas_5pso_cosine_2.0_seed1_t900_redumis.out, [ ... ], 8280
transoptas_5pso_cosine_2.0_seed20_t900_onlinemis.out, [ ... ], 8280
transoptas_5pso_cosine_2.0_seed20_t900_redumis.out, [ ... ], 8280
transoptas_5pso_cosine_2.0_seed30_t900_onlinemis.out, [ ... ], 8280
transoptas_5pso_cosine_2.0_seed30_t900_redumis.out, [ ... ], 8280
transoptas_5pso_cosine_2.0_seed40_t900_onlinemis.out, [ ... ], 8280
transoptas_5pso_cosine_2.0_seed40_t900_redumis.out, [ ... ], 8280
transoptas_5pso_cosine_2.0_seed50_t900_onlinemis.out, [ ... ], 8280
transoptas_5pso_cosine_2.0_seed50_t900_redumis.out, [ ... ], 8280
transoptas_5pso_seuclidean_0.1_seed10_t900_onlinemis.out, [734, 839, 869, 1004], 4
transoptas_5pso_seuclidean_0.1_seed1_t900_redumis.out, [734, 839, 869, 1004], 4
transoptas_5pso_seuclidean_0.1_seed20_t900_onlinemis.out, [734, 839, 869, 1004], 4
transoptas_5pso_seuclidean_0.1_seed20_t900_redumis.out, [734, 839, 869, 1004], 4
transoptas_5pso_seuclidean_0.1_seed30_t900_onlinemis.out, [851, 941, 1016, 1031], 4
transoptas_5pso_seuclidean_0.1_seed30_t900_redumis.out, [851, 941, 1016, 1031], 4
transoptas_5pso_seuclidean_0.1_seed40_t900_onlinemis.out, [851, 941, 1016, 1031], 4
transoptas_5pso_seuclidean_0.1_seed40_t900_redumis.out, [851, 941, 1016transoptas_5pso_seuclidean_0.2_seed10_t900_onlinemis.out, [734, 779, 794, 809, 839, 854, 869, 899, 974, 1004], 10
transoptas_5pso_seuclidean_0.2_seed1_t900_redumis.out, [734, 779, 794, 809, 839, 854, 869, 899, 974, 1004], 10
transoptas_5pso_seuclidean_0.2_seed20_t900_onlinemis.out, [734, 779, 794, 809, 839, 854, 869, 899, 974, 1004], 10
transoptas_5pso_seuclidean_0.2_seed20_t900_redumis.out, [734, 779, 794, 809, 839, 854, 869, 899, 974, 1004], 10
transoptas_5pso_seuclidean_0.2_seed30_t900_onlinemis.out, [734, 779, 794, 809, 839, 854, 869, 899, 974, 1004], 10
transoptas_5pso_seuclidean_0.2_seed30_t900_redumis.out, [734, 779, 794, 809, 839, 854, 869, 899, 974, 1004], 10
transoptas_5pso_seuclidean_0.2_seed40_t900_onlinemis.out, [734, 779, 794, 809, 839, 854, 869, 899, 974, 1004], 10
transoptas_5pso_seuclidean_0.2_seed40_t900_redumis.out, [734, 779, 794, 809, 839, 854, 869, 899, 974, 1004], 10
transoptas_5pso_seuclidean_0.2_seed50_t900_onlinemis.out, [734, 779, 794, 809, 839, 854, 869, 899, 974, 1004], 10
transoptas_5pso_seuclidean_0.2_seed50_t900_redumis.out, [734, 779, 794, 809, 839, 854, 869, 899, 974, 1004], 10, 1031], 4
transoptas_5pso_seuclidean_0.1_seed50_t900_onlinemis.out, [734, 839, 854, 869], 4
transoptas_5pso_seuclidean_0.1_seed50_t900_redumis.out, [851, 941, 1016, 1031], 4

transoptas_5pso_seuclidean_0.5_seed10_t900_onlinemis.out, [734, 749, 779, 794, 809, 824, 839, 854, 869, 884, 899, 914, 944, 959, 974, 989, 1004, 1019], 18
transoptas_5pso_seuclidean_0.5_seed1_t900_redumis.out, [734, 749, 779, 794, 809, 824, 839, 854, 869, 884, 899, 914, 944, 959, 974, 989, 1004, 1019], 18
transoptas_5pso_seuclidean_0.5_seed20_t900_onlinemis.out, [734, 749, 779, 794, 809, 824, 839, 854, 869, 884, 899, 914, 944, 959, 974, 989, 1004, 1019], 18
transoptas_5pso_seuclidean_0.5_seed20_t900_redumis.out, [734, 749, 779, 794, 809, 824, 839, 854, 869, 884, 899, 914, 944, 959, 974, 989, 1004, 1019], 18
transoptas_5pso_seuclidean_0.5_seed30_t900_onlinemis.out, [734, 749, 779, 794, 809, 824, 839, 854, 869, 884, 899, 914, 944, 959, 974, 989, 1004, 1019], 18
transoptas_5pso_seuclidean_0.5_seed30_t900_redumis.out, [734, 749, 779, 794, 809, 824, 839, 854, 869, 884, 899, 914, 944, 959, 974, 989, 1004, 1019], 18
transoptas_5pso_seuclidean_0.5_seed40_t900_onlinemis.out, [734, 749, 779, 794, 809, 824, 839, 854, 869, 884, 899, 914, 944, 959, 974, 989, 1004, 1019], 18
transoptas_5pso_seuclidean_0.5_seed40_t900_redumis.out, [734, 749, 779, 794, 809, 824, 839, 854, 869, 884, 899, 914, 944, 959, 974, 989, 1004, 1019], 18
transoptas_5pso_seuclidean_0.5_seed50_t900_onlinemis.out, [734, 749, 779, 794, 809, 824, 839, 854, 869, 884, 899, 914, 944, 959, 974, 989, 1004, 1019], 18
transoptas_5pso_seuclidean_0.5_seed50_t900_redumis.out, [734, 749, 779, 794, 809, 824, 839, 854, 869, 884, 899, 914, 944, 959, 974, 989, 1004, 1019], 18
transoptas_5pso_seuclidean_1.0_seed10_t900_onlinemis.out, [704, 719, 734, 749, 779, 794, 809, 824, 839, 854, 869, 884, 899, 914, 929, 944, 959, 974, 989, 1004, 1019, 1034, 1767, 4182, 4527, 7287], 26
transoptas_5pso_seuclidean_1.0_seed1_t900_redumis.out, [704, 719, 734, 749, 779, 794, 809, 824, 839, 854, 869, 884, 899, 914, 929, 944, 959, 974, 989, 1004, 1019, 1034, 1767, 4182, 4527, 7287], 26
transoptas_5pso_seuclidean_1.0_seed20_t900_onlinemis.out, [704, 719, 734, 749, 779, 794, 809, 824, 839, 854, 869, 884, 899, 914, 929, 944, 959, 974, 989, 1004, 1019, 1034, 1767, 4182, 4527, 7287], 26
transoptas_5pso_seuclidean_1.0_seed20_t900_redumis.out, [704, 719, 734, 749, 779, 794, 809, 824, 839, 854, 869, 884, 899, 914, 929, 944, 959, 974, 989, 1004, 1019, 1034, 1767, 4182, 4527, 7287], 26
transoptas_5pso_seuclidean_1.0_seed30_t900_onlinemis.out, [704, 719, 734, 749, 779, 794, 809, 824, 839, 854, 869, 884, 899, 914, 929, 944, 959, 974, 989, 1004, 1019, 1034, 1767, 4182, 4527, 7287], 26
transoptas_5pso_seuclidean_1.0_seed30_t900_redumis.out, [704, 719, 734, 749, 779, 794, 809, 824, 839, 854, 869, 884, 899, 914, 929, 944, 959, 974, 989, 1004, 1019, 1034, 1767, 4182, 4527, 7287], 26
transoptas_5pso_seuclidean_1.0_seed40_t900_onlinemis.out, [704, 719, 734, 749, 779, 794, 809, 824, 839, 854, 869, 884, 899, 914, 929, 944, 959, 974, 989, 1004, 1019, 1034, 1767, 4182, 4527, 7287], 26
transoptas_5pso_seuclidean_1.0_seed40_t900_redumis.out, [704, 719, 734, 749, 779, 794, 809, 824, 839, 854, 869, 884, 899, 914, 929, 944, 959, 974, 989, 1004, 1019, 1034, 1767, 4182, 4527, 7287], 26
transoptas_5pso_seuclidean_1.0_seed50_t900_onlinemis.out, [704, 719, 734, 749, 779, 794, 809, 824, 839, 854, 869, 884, 899, 914, 929, 944, 959, 974, 989, 1004, 1019, 1034, 1767, 4182, 4527, 7287], 26
transoptas_5pso_seuclidean_1.0_seed50_t900_redumis.out, [704, 719, 734, 749, 779, 794, 809, 824, 839, 854, 869, 884, 899, 914, 929, 944, 959, 974, 989, 1004, 1019, 1034, 1767, 4182, 4527, 7287], 26
transoptas_5pso_seuclidean_2.0_seed10_t900_onlinemis.out, [24, 25, 369, 700, 701, 715, 716, 731, 745, 746, 761, 776, 790, 791, 805, 820, 821, 836, 851, 866, 881, 895, 896, 911, 925, 926, 941, 956, 971, 986, 1000, 1001, 1016, 1031, 1420, 2109, 4179, 5904, 7284, 7974], 40
transoptas_5pso_seuclidean_2.0_seed1_t900_redumis.out, [24, 25, 369, 700, 701, 715, 716, 731, 745, 746, 761, 776, 790, 791, 805, 820, 821, 836, 851, 866, 881, 895, 896, 911, 925, 926, 941, 956, 971, 986, 1000, 1001, 1016, 1031, 1420, 2109, 4179, 5904, 7284, 7974], 40
transoptas_5pso_seuclidean_2.0_seed20_t900_onlinemis.out, [24, 25, 369, 700, 701, 715, 716, 731, 745, 746, 761, 776, 790, 791, 805, 820, 821, 836, 851, 866, 881, 895, 896, 911, 925, 926, 941, 956, 971, 986, 1000, 1001, 1016, 1031, 1420, 2109, 4179, 5904, 7284, 7974], 40
transoptas_5pso_seuclidean_2.0_seed30_t900_onlinemis.out, [24, 25, 369, 700, 701, 715, 716, 731, 745, 746, 761, 776, 790, 791, 805, 820, 821, 836, 851, 866, 881, 895, 896, 911, 925, 926, 941, 956, 971, 986, 1000, 1001, 1016, 1031, 1420, 2109, 4179, 5904, 7284, 7974], 40
transoptas_5pso_seuclidean_2.0_seed30_t900_redumis.out, [24, 25, 369, 700, 701, 715, 716, 731, 745, 746, 761, 776, 790, 791, 805, 820, 821, 836, 851, 866, 881, 895, 896, 911, 925, 926, 941, 956, 971, 986, 1000, 1001, 1016, 1031, 1420, 2109, 4179, 5904, 7284, 7974], 40
transoptas_5pso_seuclidean_2.0_seed40_t900_onlinemis.out, [24, 25, 369, 700, 701, 715, 716, 731, 745, 746, 761, 776, 790, 791, 805, 820, 821, 836, 851, 866, 881, 895, 896, 911, 925, 926, 941, 956, 971, 986, 1000, 1001, 1016, 1031, 1420, 2109, 4179, 5904, 7284, 7974], 40
transoptas_5pso_seuclidean_2.0_seed40_t900_redumis.out, [24, 25, 369, 700, 701, 715, 716, 731, 745, 746, 761, 776, 790, 791, 805, 820, 821, 836, 851, 866, 881, 895, 896, 911, 925, 926, 941, 956, 971, 986, 1000, 1001, 1016, 1031, 1420, 2109, 4179, 5904, 7284, 7974], 40
transoptas_5pso_seuclidean_2.0_seed50_t900_onlinemis.out, [24, 25, 369, 700, 701, 715, 716, 731, 745, 746, 761, 776, 790, 791, 805, 820, 821, 836, 851, 866, 881, 895, 896, 911, 925, 926, 941, 956, 971, 986, 1000, 1001, 1016, 1031, 1420, 2109, 4179, 5904, 7284, 7974], 40
transoptas_5pso_seuclidean_2.0_seed50_t900_redumis.out, [24, 25, 369, 700, 701, 715, 716, 731, 745, 746, 761, 776, 790, 791, 805, 820, 821, 836, 851, 866, 881, 895, 896, 911, 925, 926, 941, 956, 971, 986, 1000, 1001, 1016, 1031, 1420, 2109, 4179, 5904, 7284, 7974], 40
